id,first_name,last_name,email,gender,country,city,credit_card_type,quantity,transaction_completed
1,Eyde,Dulwitch,edulwitch0@oakley.com,Male,China,Zumiao,mastercard,1,true
2,Jakob,Hoofe,jhoofe1@time.com,Female,Jamaica,Petersfield,diners-club-carte-blanche,2,true
3,Duky,Abbotson,dabbotson2@hhs.gov,Male,Poland,Wiślica,maestro,5,false
4,Leeann,Beall,lbeall3@go.com,Male,China,Du’ermenqin,jcb,1,true
5,Lilian,Weeks,lweeks4@shop-pro.jp,Female,Brazil,Dois Córregos,maestro,4,true
6,Jacquenetta,Menghi,jmenghi5@nasa.gov,Female,Syria,Al Mayādīn,americanexpress,1,true
7,Jorie,Fallanche,jfallanche6@yellowbook.com,Female,Indonesia,Kampungtengah,americanexpress,5,true
8,Agustin,Rigmond,arigmond7@independent.co.uk,Female,Argentina,Mercedes,jcb,2,true
9,Findlay,Crole,fcrole8@usnews.com,Genderqueer,Bolivia,La Cueva,jcb,5,true
10,Tristam,Shovlin,tshovlin9@slate.com,Male,Argentina,Santo Tomé,visa-electron,2,true
11,Mel,Bailess,mbailessa@yandex.ru,Male,Canada,White City,jcb,1,true
12,Cher,Lemmon,clemmonb@microsoft.com,Male,Ukraine,Pnikut,americanexpress,1,false
13,Roobbie,Lavallie,rlavalliec@hp.com,Polygender,Ethiopia,Konso,visa-electron,5,true
14,Kori,Phythean,kphytheand@craigslist.org,Female,China,Donggaocun,instapayment,4,true
15,Horace,Lovstrom,hlovstrome@photobucket.com,Male,Falkland Islands,Stanley,jcb,5,false
16,Nani,Jesson,njessonf@cdc.gov,Male,China,Tiandu,jcb,1,false
17,Crysta,Shaudfurth,cshaudfurthg@wired.com,Female,Mexico,Tierra Blanca,mastercard,2,false
18,Rasia,Hamlett,rhamletth@infoseek.co.jp,Female,Philippines,Bualan,jcb,5,true
19,Calvin,Dello,cdelloi@furl.net,Polygender,Indonesia,Panineungan,diners-club-enroute,3,false
20,Evie,Patty,epattyj@harvard.edu,Female,Argentina,Villa La Angostura,bankcard,3,true
21,Lorrin,Riddall,lriddallk@skyrock.com,Male,Japan,Atami,americanexpress,3,true
22,Dagmar,Swain,dswainl@ucla.edu,Female,Portugal,Rego,jcb,1,false
23,Carolynn,Havis,chavism@ezinearticles.com,Male,Ghana,Asamankese,diners-club-us-ca,3,true
24,Marcile,Monk,mmonkn@spotify.com,Female,Argentina,Rufino,mastercard,1,false
25,Lory,Gealy,lgealyo@webnode.com,Male,China,Nanqi,jcb,1,false
26,Roda,Brewett,rbrewettp@cpanel.net,Female,Nigeria,Lame,maestro,5,false
27,Glenden,Stannering,gstanneringq@taobao.com,Female,Indonesia,Pakuwon,jcb,5,false
28,Tanhya,Ingman,tingmanr@moonfruit.com,Female,Syria,Tartouss,jcb,2,false
29,Gawain,Piers,gpierss@mit.edu,Female,New Zealand,Papatowai,jcb,5,true
30,Ernesto,Crankhorn,ecrankhornt@livejournal.com,Female,Indonesia,Losari,mastercard,2,false
31,Pam,Tichelaar,ptichelaaru@ucsd.edu,Female,Philippines,Bagombong,visa-electron,2,true
32,Garvey,Tucsell,gtucsellv@reddit.com,Female,Ecuador,Montalvo,diners-club-enroute,1,false
33,Kilian,todor,ktodorw@plala.or.jp,Male,Russia,Asbest,maestro,5,false
34,Koressa,Goulder,kgoulderx@comsenz.com,Female,Indonesia,Ngangguk,bankcard,5,false
35,Roland,Capeling,rcapelingy@baidu.com,Female,Indonesia,Ciseuseupan,solo,4,false
36,Silvano,Marczyk,smarczykz@about.me,Male,Indonesia,Sifala,maestro,1,true
37,Alejoa,Trett,atrett10@mapy.cz,Female,Lithuania,Varėna,diners-club-international,3,false
38,Tiffie,Verty,tverty11@baidu.com,Female,Czech Republic,Louka,jcb,2,false
39,Alexine,Kulver,akulver12@arstechnica.com,Female,Indonesia,Brongkalan,jcb,2,false
40,Hughie,Ganniclifft,hganniclifft13@vistaprint.com,Female,Brazil,Uruaçu,diners-club-carte-blanche,1,true
41,Helge,Buffin,hbuffin14@taobao.com,Female,Morocco,Fezna,jcb,5,true
42,Yardley,Glanz,yglanz15@cdbaby.com,Female,Thailand,Saba Yoi,jcb,2,true
43,Celestyna,Severn,csevern16@gnu.org,Bigender,China,Xitan,mastercard,3,true
44,Ivar,L'Episcopio,ilepiscopio17@boston.com,Male,New Zealand,Mangere,china-unionpay,2,false
45,Shara,Bohman,sbohman18@prlog.org,Female,China,Shanghu,china-unionpay,5,true
46,Kristo,Verrall,kverrall19@army.mil,Bigender,Venezuela,El Sombrero,jcb,5,false
47,Gun,Houlison,ghoulison1a@yellowbook.com,Male,China,Haodian,jcb,5,false
48,Harrison,MacKissack,hmackissack1b@tumblr.com,Female,Portugal,Algés,jcb,5,true
49,Marysa,Skelly,mskelly1c@theguardian.com,Male,Indonesia,Wanasari Baleran,mastercard,4,false
50,Zsa zsa,Beatens,zbeatens1d@usda.gov,Female,Yemen,Jiblah,bankcard,1,true
51,Lora,Kaplan,lkaplan1e@webs.com,Female,Indonesia,Tempaling,jcb,5,true
52,Stacey,Kirwan,skirwan1f@phpbb.com,Agender,Armenia,Gandzak,jcb,1,false
53,Petronilla,Colt,pcolt1g@indiatimes.com,Female,Russia,Kovernino,jcb,5,true
54,Brietta,Constantine,bconstantine1h@geocities.jp,Male,China,Taipingxi,bankcard,5,true
55,Cymbre,Tomczak,ctomczak1i@accuweather.com,Male,Mexico,Benito Juarez,switch,4,true
56,Clemmy,Beverley,cbeverley1j@scribd.com,Male,China,Hengshanqiao,jcb,4,true
57,Stillman,Baile,sbaile1k@nature.com,Agender,Indonesia,Samadua,jcb,3,true
58,Constancia,Buxton,cbuxton1l@bbb.org,Female,United States,Columbus,jcb,2,false
59,Melony,Connold,mconnold1m@illinois.edu,Female,Czech Republic,Podivín,jcb,4,true
60,Charlotte,Pessolt,cpessolt1n@house.gov,Female,Russia,Vykhino-Zhulebino,switch,1,false
61,Shalna,Cellier,scellier1o@google.nl,Male,Indonesia,Gayam,jcb,4,false
62,Jeanette,Megarrell,jmegarrell1p@privacy.gov.au,Female,China,Shuanghekou,jcb,4,true
63,Angelia,Switland,aswitland1q@amazon.co.uk,Male,China,Dashi,americanexpress,1,true
64,Dulcy,Dudson,ddudson1r@163.com,Female,Canada,Sainte-Anne-de-Bellevue,jcb,1,true
65,Di,Noorwood,dnoorwood1s@microsoft.com,Male,South Korea,Koch'ang,jcb,1,true
66,Samara,Bachs,sbachs1t@dyndns.org,Male,Argentina,Tama,jcb,4,true
67,Leonore,Spaight,lspaight1u@noaa.gov,Male,France,Pau,jcb,2,true
68,Debbi,Berrington,dberrington1v@trellian.com,Female,Canada,Renfrew,jcb,2,false
69,Giffard,Spurden,gspurden1w@amazonaws.com,Female,Norway,Bodø,jcb,2,false
70,Phillida,Pill,ppill1x@comcast.net,Female,Czech Republic,Moravská Třebová,mastercard,5,false
71,Emilio,Pallin,epallin1y@twitpic.com,Female,Egypt,Al Ḩāmūl,mastercard,4,true
72,Judie,Paulot,jpaulot1z@blogs.com,Female,Indonesia,Waru,jcb,4,true
73,Leena,Clericoates,lclericoates20@google.com,Male,Japan,Tsuruoka,mastercard,2,true
74,Goldy,Lanaway,glanaway21@cmu.edu,Genderfluid,Russia,Novozybkov,diners-club-us-ca,4,true
75,Eugenia,Eisig,eeisig22@ibm.com,Male,Costa Rica,La Cruz,jcb,5,true
76,Swen,Stabler,sstabler23@webmd.com,Male,China,Jingzi,instapayment,3,false
77,Fairleigh,Dosdill,fdosdill24@fastcompany.com,Male,Macedonia,Golema Rečica,jcb,2,false
78,Gusella,Goacher,ggoacher25@google.it,Female,China,Xinquansi,bankcard,5,true
79,Lee,Galbreth,lgalbreth26@hubpages.com,Male,China,Longshan,jcb,3,false
80,Margret,Faucherand,mfaucherand27@de.vu,Female,Russia,Sudislavl’,jcb,2,false
81,Shayna,Jaksic,sjaksic28@nationalgeographic.com,Female,China,Dongxi,jcb,2,true
82,Amalia,Knobell,aknobell29@bigcartel.com,Female,Indonesia,Bente,diners-club-carte-blanche,1,false
83,Tanny,Hundall,thundall2a@earthlink.net,Male,Vietnam,Văn Điển,mastercard,1,true
84,Brandice,O'Dougherty,bodougherty2b@accuweather.com,Male,Israel,Even Yehuda,mastercard,2,false
85,Jonathon,Portugal,jportugal2c@opera.com,Male,Japan,Kurihashi,jcb,5,true
86,Filippo,Colcutt,fcolcutt2d@ebay.co.uk,Female,Portugal,Santa Maria da Feira,jcb,2,false
87,Celinda,Priddey,cpriddey2e@discuz.net,Female,Brazil,Sirinhaém,jcb,1,false
88,Fleming,Holdall,fholdall2f@people.com.cn,Female,Canada,Belfast,laser,3,true
89,Eve,Verrell,everrell2g@miibeian.gov.cn,Male,Iran,Kahrīz,jcb,4,false
90,Marlee,Elnough,melnough2h@icio.us,Female,Sweden,Falun,mastercard,4,true
91,Iolanthe,Matuszkiewicz,imatuszkiewicz2i@myspace.com,Male,Indonesia,Tracal,mastercard,4,false
92,Halimeda,Frankes,hfrankes2j@google.es,Male,Japan,Inazawa,jcb,2,true
93,Hedvig,Marques,hmarques2k@time.com,Female,Dominican Republic,Las Matas de Farfán,jcb,1,false
94,Swen,Kincade,skincade2l@live.com,Male,China,Baoquanshan,jcb,1,true
95,Leesa,Reasun,lreasun2m@gravatar.com,Female,United States,Spring,jcb,5,false
96,Layney,Frichley,lfrichley2n@blogs.com,Male,Indonesia,Karangmangu,china-unionpay,4,true
97,Jeno,Sowman,jsowman2o@slashdot.org,Female,Tanzania,Ndago,visa-electron,4,true
98,Tera,Piele,tpiele2p@ibm.com,Female,Indonesia,Puutura,jcb,4,true
99,Alonso,Kamena,akamena2q@bizjournals.com,Male,Indonesia,Padaimut,jcb,4,true
100,Dallis,Jandel,djandel2r@netscape.com,Male,Indonesia,Tempurejo,jcb,3,false
101,Merrili,Rallin,mrallin2s@usnews.com,Male,China,Xizhong,mastercard,1,true
102,Rycca,Pengilly,rpengilly2t@istockphoto.com,Male,Argentina,Arrufó,diners-club-carte-blanche,3,true
103,Noby,Sandford,nsandford2u@businesswire.com,Female,Indonesia,Mmaaf,jcb,5,true
104,Nolan,Hollows,nhollows2v@technorati.com,Male,China,Golmud,jcb,1,false
105,Aleece,Hembry,ahembry2w@microsoft.com,Male,Kenya,Ol Kalou,switch,4,true
106,Alec,Gredden,agredden2x@latimes.com,Male,Philippines,Mabilog,jcb,3,true
107,Frances,D'eath,fdeath2y@tumblr.com,Female,Brazil,Franca,mastercard,1,true
108,Gerhard,Collibear,gcollibear2z@last.fm,Male,Thailand,Tha Maka,visa-electron,1,false
109,Creight,Heisman,cheisman30@twitpic.com,Male,Morocco,Tinghir,jcb,3,true
110,Noak,Harome,nharome31@cnbc.com,Male,France,Bourgoin-Jallieu,switch,4,false
111,Lynda,Chucks,lchucks32@mit.edu,Female,Iran,Bāsht,mastercard,1,false
112,Trip,Fenlon,tfenlon33@1688.com,Female,Philippines,Mexico,visa-electron,3,true
113,Lottie,Bramall,lbramall34@tamu.edu,Female,Indonesia,Rowotengah,mastercard,3,false
114,Cynde,Onraet,conraet35@amazon.co.jp,Female,China,Qinghua,jcb,4,true
115,Sauveur,De la Yglesia,sdelayglesia36@taobao.com,Female,Philippines,Dagup,americanexpress,3,true
116,Elyn,Giraudat,egiraudat37@hexun.com,Female,China,Renhe,maestro,2,true
117,Florie,Chalcroft,fchalcroft38@prnewswire.com,Male,Indonesia,Talu,jcb,2,true
118,Estele,Cobley,ecobley39@cafepress.com,Male,Thailand,Wang Sam Mo,visa-electron,5,false
119,Dee,Buttner,dbuttner3a@tinypic.com,Bigender,Indonesia,Karanganyar,jcb,5,false
120,Luciana,Highton,lhighton3b@tumblr.com,Male,Portugal,Santo Amaro,visa,5,false
121,Maren,Bruton,mbruton3c@goo.gl,Male,Portugal,Ferreira do Alentejo,jcb,4,false
122,Jordon,McConnal,jmcconnal3d@fastcompany.com,Female,China,Shengtang,china-unionpay,1,false
123,Rebbecca,Pakes,rpakes3e@dailymotion.com,Female,Poland,Wola Sernicka,jcb,1,true
124,Dale,Ive,dive3f@phpbb.com,Male,Brazil,Formiga,diners-club-enroute,5,false
125,Denver,Cristofari,dcristofari3g@hubpages.com,Male,Sweden,Västerås,switch,2,true
126,Desiree,Reyburn,dreyburn3h@people.com.cn,Polygender,Portugal,Cimo de Vila,jcb,2,false
127,Winni,Paulsen,wpaulsen3i@mac.com,Female,Rwanda,Byumba,switch,3,false
128,Merla,Romei,mromei3j@freewebs.com,Male,France,Lille,americanexpress,3,false
129,Victoir,Aimable,vaimable3k@illinois.edu,Non-binary,Armenia,Goght’,jcb,3,true
130,Charley,Gladdin,cgladdin3l@hexun.com,Male,United Kingdom,Walton,jcb,4,true
131,Edik,Langsbury,elangsbury3m@goo.gl,Male,Philippines,Talayan,jcb,5,true
132,Sigismondo,Esmead,sesmead3n@canalblog.com,Agender,United States,High Point,switch,5,false
133,Leif,Parnby,lparnby3o@cpanel.net,Female,Hungary,Pécs,jcb,2,false
134,Ulrikaumeko,Endrighi,uendrighi3p@diigo.com,Male,Indonesia,Karangpaningal,jcb,3,false
135,Cameron,Moyse,cmoyse3q@indiegogo.com,Male,Benin,Abomey,diners-club-enroute,5,true
136,Domeniga,Summerrell,dsummerrell3r@sun.com,Female,China,Huangtu,jcb,1,false
137,Evangeline,Woolrich,ewoolrich3s@bandcamp.com,Male,China,Mafeng,visa-electron,4,true
138,Zack,Colliber,zcolliber3t@businessweek.com,Male,Brazil,Barrinha,diners-club-enroute,1,true
139,Durward,Dunkley,ddunkley3u@rediff.com,Female,Russia,Makarov,diners-club-enroute,4,true
140,Sadye,Callendar,scallendar3v@cbc.ca,Bigender,Nicaragua,Larreynaga,jcb,2,false
141,Parry,Plak,pplak3w@bloomberg.com,Male,Ukraine,Uspenka,jcb,5,true
142,Bryant,Bertomieu,bbertomieu3x@github.com,Male,Nigeria,Runka,mastercard,1,false
143,Phyllis,Danby,pdanby3y@unc.edu,Male,Brazil,Cachoeiras de Macacu,bankcard,4,true
144,Karla,Menary,kmenary3z@e-recht24.de,Female,Wallis and Futuna,Mata-Utu,maestro,1,true
145,Tiffie,Magog,tmagog40@marketwatch.com,Female,Indonesia,Geumpang,jcb,2,true
146,Felizio,O'Sharkey,fosharkey41@xinhuanet.com,Male,Poland,Nysa,mastercard,1,true
147,Karita,Wase,kwase42@goodreads.com,Female,United States,New York City,bankcard,1,true
148,Danell,Krop,dkrop43@usa.gov,Female,Philippines,Santa Lucia,switch,4,false
149,Chrissy,Adamec,cadamec44@irs.gov,Male,France,Saint-Chamond,mastercard,4,false
150,Pasquale,Hoovart,phoovart45@symantec.com,Male,Philippines,Pananaw,maestro,1,false
151,Erminie,Killimister,ekillimister46@usa.gov,Male,Canada,Thorold,americanexpress,4,false
152,Coop,Di Biasi,cdibiasi47@cbslocal.com,Male,Indonesia,Anggana,diners-club-us-ca,1,true
153,Rosalynd,Chiene,rchiene48@tmall.com,Male,Greece,Marathókampos,diners-club-enroute,3,true
154,Sarita,Mathieson,smathieson49@hud.gov,Female,Kazakhstan,Lugovoy,jcb,1,false
155,Emanuele,Faier,efaier4a@live.com,Male,China,Dongfu,diners-club-carte-blanche,4,true
156,Nomi,Broadist,nbroadist4b@nasa.gov,Female,Russia,Ozherel’ye,jcb,2,false
157,Curry,Ivie,civie4c@so-net.ne.jp,Female,Pakistan,Thul,china-unionpay,2,false
158,May,Losty,mlosty4d@google.it,Male,Ethiopia,Shakīso,laser,1,false
159,Barbie,Rosenwasser,brosenwasser4e@google.pl,Female,Myanmar,Kyaukse,switch,4,false
160,Francois,Rackham,frackham4f@github.io,Male,Indonesia,Karanglo,jcb,1,true
161,Marrissa,Handscombe,mhandscombe4g@edublogs.org,Male,Brazil,Novo Hamburgo,visa-electron,1,false
162,Mano,Cutteridge,mcutteridge4h@dion.ne.jp,Male,Philippines,Santo Domingo,jcb,2,false
163,Ruthie,Quartermaine,rquartermaine4i@clickbank.net,Female,Palestinian Territory,Dayr as Sūdān,diners-club-enroute,4,false
164,Danice,Santore,dsantore4j@oakley.com,Male,China,Yingtan,jcb,3,false
165,Tanitansy,Isherwood,tisherwood4k@usda.gov,Bigender,Brazil,Iracemápolis,bankcard,3,true
166,Nikki,Rook,nrook4l@typepad.com,Female,China,Bayan,jcb,4,true
167,Grenville,Raycroft,graycroft4m@tripadvisor.com,Female,China,Jietou,jcb,2,false
168,Melisa,Chimenti,mchimenti4n@deliciousdays.com,Male,Yemen,As Sayyānī,visa-electron,5,true
169,Lissa,Gensavage,lgensavage4o@harvard.edu,Male,Indonesia,Girsereng,americanexpress,1,true
170,Free,Benech,fbenech4p@cdbaby.com,Female,Poland,Dębe Wielkie,solo,5,true
171,Shelli,Philler,sphiller4q@google.co.uk,Male,Namibia,Rehoboth,solo,5,false
172,Hali,Frankiewicz,hfrankiewicz4r@google.pl,Male,Indonesia,Badung,mastercard,4,true
173,Adrien,Banane,abanane4s@facebook.com,Female,Croatia,Samobor,diners-club-carte-blanche,3,true
174,Tadeas,Allner,tallner4t@merriam-webster.com,Male,China,Huangshi,mastercard,1,true
175,Kendre,Heathorn,kheathorn4u@devhub.com,Male,Palestinian Territory,Azun Atme,jcb,4,false
176,Berta,Melburg,bmelburg4v@cpanel.net,Female,Canada,Anmore,jcb,4,true
177,Eolande,Digger,edigger4w@blinklist.com,Female,Brazil,Contagem,jcb,5,true
178,Dylan,Prout,dprout4x@privacy.gov.au,Female,Indonesia,Sundawenang,jcb,4,true
179,Dorise,Gebbe,dgebbe4y@google.it,Male,Croatia,Ferdinandovac,laser,3,true
180,Hubey,Sey,hsey4z@twitter.com,Male,Ivory Coast,Mankono,bankcard,2,true
181,Virginia,Dwelly,vdwelly50@cafepress.com,Agender,Greece,Ilioúpoli,visa-electron,3,false
182,Teri,Jaskiewicz,tjaskiewicz51@dropbox.com,Male,Sweden,Täby,jcb,3,false
183,Erinna,Malenoir,emalenoir52@nhs.uk,Female,Canada,Peace River,diners-club-enroute,2,true
184,Alexi,Grishanov,agrishanov53@webeden.co.uk,Male,Namibia,Tsumeb,jcb,2,true
185,Andeee,Durning,adurning54@cnbc.com,Male,China,Tianchi,switch,3,true
186,Jayme,Theze,jtheze55@businesswire.com,Female,China,Qinglong,visa-electron,2,true
187,Garnette,Heistermann,gheistermann56@yolasite.com,Male,China,Zeqin,maestro,2,true
188,Brandon,Aggs,baggs57@sun.com,Agender,Portugal,Paço de Arcos,visa,5,true
189,Taryn,Kee,tkee58@ebay.com,Male,China,Miaoshi,jcb,1,true
190,Colin,Lammin,clammin59@cnbc.com,Polygender,China,Shaozhai,jcb,4,true
191,Fulton,Rabidge,frabidge5a@marriott.com,Female,Indonesia,Rungkam,jcb,1,true
192,Liv,Rowthorne,lrowthorne5b@wikia.com,Female,China,Yandian,jcb,2,false
193,Tobe,Wrefford,twrefford5c@sakura.ne.jp,Male,Russia,Sechenovo,bankcard,3,true
194,Loraine,St. Clair,lstclair5d@vimeo.com,Female,China,Daji,visa-electron,5,false
195,Eleonora,Varnes,evarnes5e@etsy.com,Genderqueer,Indonesia,Ciusul,mastercard,5,false
196,Paulo,Haton,phaton5f@slashdot.org,Polygender,Japan,Iwanai,americanexpress,1,true
197,Bailey,Kleisel,bkleisel5g@geocities.com,Male,Argentina,Villa Atamisqui,china-unionpay,1,true
198,Chris,Need,cneed5h@de.vu,Male,Russia,Gremyachinsk,mastercard,1,false
199,Sanders,Bernhard,sbernhard5i@phpbb.com,Male,Norway,Harstad,mastercard,4,false
200,Jerrilyn,Mully,jmully5j@yellowpages.com,Male,Cameroon,Dschang,jcb,4,false
201,Jerad,Francescuzzi,jfrancescuzzi5k@booking.com,Male,Indonesia,Maikawada,jcb,3,false
202,Germaine,Vockings,gvockings5l@dailymail.co.uk,Female,Sweden,Ystad,mastercard,4,true
203,Eartha,Drakard,edrakard5m@dailymotion.com,Male,Czech Republic,Valašská Bystřice,instapayment,2,false
204,Babette,Keunemann,bkeunemann5n@marketwatch.com,Male,China,Gaoyi,mastercard,5,true
205,Simonne,Dunk,sdunk5o@trellian.com,Female,Philippines,Calasgasan,jcb,5,true
206,Ardys,Baldassi,abaldassi5p@webnode.com,Female,China,Bishan,mastercard,3,false
207,Margarete,Wathey,mwathey5q@forbes.com,Agender,Croatia,Laslovo,visa-electron,3,true
208,Ariel,Cheavin,acheavin5r@stanford.edu,Male,Philippines,Lomboy,maestro,5,true
209,Hermine,Jowett,hjowett5s@drupal.org,Genderqueer,Philippines,Kolumbug,mastercard,3,false
210,Toby,Blockey,tblockey5t@answers.com,Female,Cyprus,Páno Polemídia,maestro,1,true
211,Hussein,Lemin,hlemin5u@imageshack.us,Male,Poland,Powidz,diners-club-enroute,2,false
212,Cordelie,Botterman,cbotterman5v@intel.com,Bigender,France,Laon,solo,2,false
213,Kalinda,Markushkin,kmarkushkin5w@amazon.co.uk,Female,Philippines,Laya,maestro,4,true
214,Patrica,Bonsul,pbonsul5x@bloomberg.com,Female,Chile,Loncoche,jcb,5,false
215,Averell,Abbay,aabbay5y@omniture.com,Male,France,Marly-le-Roi,jcb,3,false
216,Jillayne,Piller,jpiller5z@fastcompany.com,Polygender,Vietnam,Tân An,jcb,2,true
217,Lavinia,Avrahamy,lavrahamy60@yellowbook.com,Male,Indonesia,Wates,jcb,1,false
218,Annamaria,Cozzi,acozzi61@amazon.co.jp,Male,Peru,Congas,jcb,5,true
219,Raddie,Goodnow,rgoodnow62@wikia.com,Female,Portugal,Abade de Neiva,jcb,4,false
220,Rikki,Broomhead,rbroomhead63@issuu.com,Female,Malaysia,Seremban,jcb,5,false
221,Dillie,Rudolf,drudolf64@yale.edu,Female,Brazil,Maracanaú,jcb,2,false
222,Artur,Daffey,adaffey65@salon.com,Male,Peru,Canchaque,jcb,2,true
223,Hedvig,Vossgen,hvossgen66@edublogs.org,Female,Indonesia,Prigi,jcb,2,true
224,Rana,Stent,rstent67@desdev.cn,Male,Portugal,Monte do Outeiro,mastercard,1,false
225,Eugenio,Bourne,ebourne68@jimdo.com,Agender,China,Wangpu,jcb,4,true
226,Alla,Mouton,amouton69@ox.ac.uk,Female,Afghanistan,Mīrābād,jcb,1,true
227,Myrle,Agg,magg6a@google.es,Male,China,Bijie,jcb,5,true
228,Justina,Boyse,jboyse6b@freewebs.com,Genderqueer,China,Xinji,jcb,3,false
229,Patrick,Letty,pletty6c@hibu.com,Female,Indonesia,Sidoaji,americanexpress,4,true
230,Nicko,Hedin,nhedin6d@bbc.co.uk,Female,Indonesia,Pondoktelo,china-unionpay,2,false
231,Dreddy,Done,ddone6e@icq.com,Male,Senegal,Foundiougne,visa-electron,2,true
232,Brigida,Killingsworth,bkillingsworth6f@amazon.co.uk,Male,Indonesia,Krajandadapmulyo,visa-electron,1,false
233,Ogdon,McManus,omcmanus6g@surveymonkey.com,Male,China,Shuikou,jcb,2,false
234,Roxana,Riediger,rriediger6h@unicef.org,Female,Brazil,Palmeira,switch,1,true
235,Roshelle,Spreag,rspreag6i@vimeo.com,Female,Philippines,Calatrava,jcb,2,true
236,Tobey,Twaite,ttwaite6j@angelfire.com,Female,Ukraine,Kotsyubyns’ke,americanexpress,4,true
237,Carolyn,Urvoy,curvoy6k@163.com,Female,Ukraine,Osypenko,jcb,2,true
238,Carry,Halliwell,challiwell6l@studiopress.com,Agender,Nigeria,Kumagunnam,jcb,3,true
239,Lauri,Fasler,lfasler6m@simplemachines.org,Male,Portugal,Quintãs,jcb,2,true
240,Francklin,Sylvester,fsylvester6n@economist.com,Female,Poland,Mnich,jcb,1,true
241,Morse,Bosley,mbosley6o@prweb.com,Male,Venezuela,Sabana de Parra,maestro,1,true
242,Berkley,Rotherforth,brotherforth6p@last.fm,Agender,Afghanistan,Alah Sāy,laser,4,false
243,Katrina,Bille,kbille6q@google.ru,Male,Nigeria,Rabah,jcb,3,true
244,Aldin,Bamber,abamber6r@list-manage.com,Female,Russia,Gribanovskiy,jcb,4,false
245,Gasper,Genever,ggenever6s@usgs.gov,Male,China,Louta,diners-club-enroute,2,true
246,Kirsteni,Stell,kstell6t@si.edu,Male,Bhutan,Mongar,jcb,4,true
247,Marcelo,Oleksinski,moleksinski6u@gravatar.com,Male,Poland,Skoki,diners-club-international,5,true
248,Zacharia,Wormell,zwormell6v@ucoz.ru,Female,Dominican Republic,Padre Las Casas,jcb,3,true
249,Niko,Blanking,nblanking6w@is.gd,Male,Japan,Atsugi,china-unionpay,2,true
250,Addia,Trengrove,atrengrove6x@theatlantic.com,Female,South Africa,Vrede,china-unionpay,2,true
251,Valma,Cleyne,vcleyne6y@ifeng.com,Male,Indonesia,Mungkin,maestro,2,false
252,Davina,Stamp,dstamp6z@boston.com,Male,China,Jiuhua,jcb,5,false
253,Blondie,Dowdeswell,bdowdeswell70@ed.gov,Male,Germany,Herne,china-unionpay,5,true
254,Tull,Swait,tswait71@quantcast.com,Male,United States,West Palm Beach,jcb,5,true
255,Ina,Wroe,iwroe72@biblegateway.com,Male,Bulgaria,Velingrad,jcb,1,false
256,Shel,Wetherald,swetherald73@marriott.com,Female,Indonesia,Oof,jcb,4,true
257,Sampson,Munford,smunford74@marriott.com,Female,Brazil,Pilar,bankcard,2,false
258,Frederique,Pentland,fpentland75@devhub.com,Female,Cuba,Río Guayabal de Yateras,mastercard,3,false
259,Lilia,Fursey,lfursey76@ox.ac.uk,Male,Sweden,Stockholm,americanexpress,1,true
260,Coreen,Perassi,cperassi77@macromedia.com,Female,China,Wanzhi,mastercard,1,true
261,Madel,Hardaker,mhardaker78@shareasale.com,Female,Russia,Bobrovka,jcb,5,false
262,Niels,McCarlich,nmccarlich79@odnoklassniki.ru,Male,Ukraine,Chemerivtsi,laser,1,false
263,Bailey,Noli,bnoli7a@unc.edu,Male,Russia,Pashkovskiy,maestro,2,true
264,Harwilll,Erik,herik7b@ft.com,Non-binary,Poland,Wielka Wieś,americanexpress,4,true
265,Eugenie,Birtwistle,ebirtwistle7c@china.com.cn,Male,China,Shimen,mastercard,2,true
266,Siobhan,Fishpool,sfishpool7d@delicious.com,Male,Slovenia,Slovenj Gradec,laser,3,true
267,Susanetta,Harburtson,sharburtson7e@cyberchimps.com,Bigender,Indonesia,Tongbang,diners-club-enroute,1,false
268,Dorey,Tuckett,dtuckett7f@angelfire.com,Female,Philippines,Balayan,laser,4,false
269,Dorie,Pedrielli,dpedrielli7g@liveinternet.ru,Female,China,Xicheng,jcb,3,false
270,Feodora,Maltman,fmaltman7h@mlb.com,Female,Iceland,Seltjarnarnes,jcb,3,true
271,Michael,Bampford,mbampford7i@instagram.com,Genderqueer,Brazil,Eirunepé,switch,3,false
272,Corri,Gammons,cgammons7j@google.com,Genderqueer,Montenegro,Tivat,china-unionpay,2,true
273,Crosby,Medhurst,cmedhurst7k@biblegateway.com,Female,France,Thouars,jcb,4,true
274,Charlie,Litherland,clitherland7l@europa.eu,Female,China,Xiangxiang,laser,3,true
275,Denver,Sawyer,dsawyer7m@unblog.fr,Female,Philippines,Tarusan,switch,1,true
276,Una,Dunley,udunley7n@soundcloud.com,Male,China,Zhongfan,laser,3,true
277,Claiborne,Spitaro,cspitaro7o@tuttocitta.it,Male,Japan,Ino,visa,5,true
278,Willette,Klicher,wklicher7p@theatlantic.com,Female,Indonesia,Pakemitan,jcb,3,false
279,Kristofer,Lyston,klyston7q@webeden.co.uk,Male,Sweden,Stockholm,maestro,2,true
280,Alys,Oneal,aoneal7r@yellowbook.com,Male,Bosnia and Herzegovina,Čajniče,diners-club-enroute,5,true
281,Davon,Heathcote,dheathcote7s@freewebs.com,Female,Germany,Ludwigshafen am Rhein,mastercard,1,true
282,Lindsey,MacLoughlin,lmacloughlin7t@howstuffworks.com,Non-binary,Poland,Wola Jachowa,diners-club-enroute,3,false
283,Aurie,Lodeke,alodeke7u@sohu.com,Female,Canada,Matagami,diners-club-carte-blanche,5,false
284,Ari,Grinston,agrinston7v@geocities.jp,Female,China,Tongjiang,mastercard,4,true
285,Kermit,Chillingworth,kchillingworth7w@prweb.com,Male,Somalia,Jawhar,bankcard,2,true
286,Irita,Gilffillan,igilffillan7x@moonfruit.com,Female,France,Rivesaltes,bankcard,2,false
287,Simonne,Brade,sbrade7y@amazon.co.jp,Female,Nigeria,Zango,diners-club-carte-blanche,5,true
288,Mallory,Elcott,melcott7z@japanpost.jp,Agender,Panama,Alto del Espino,diners-club-carte-blanche,3,true
289,Townsend,Kilmary,tkilmary80@gmpg.org,Male,China,Luqiao,maestro,2,false
290,Shae,Blunden,sblunden81@oakley.com,Female,Azerbaijan,Qutqashen,jcb,3,false
291,Thorvald,Baston,tbaston82@shinystat.com,Agender,Philippines,Calatrava,bankcard,5,false
292,Kimmi,Eastes,keastes83@hp.com,Male,Poland,Pokrzywnica,instapayment,2,true
293,Elfrida,Camber,ecamber84@google.it,Female,Uganda,Kayunga,visa-electron,2,false
294,Shirlee,Jayes,sjayes85@multiply.com,Male,Ukraine,Pomichna,jcb,1,false
295,Cristin,Martinon,cmartinon86@wp.com,Female,Indonesia,Sarirejo Satu,mastercard,3,false
296,Harv,Turbat,hturbat87@t-online.de,Bigender,Philippines,Maquiapo,mastercard,3,true
297,Milzie,Norgan,mnorgan88@technorati.com,Female,Sweden,Trollhättan,diners-club-international,3,false
298,Sayre,Kennham,skennham89@webs.com,Male,Serbia,Svrljig,switch,1,false
299,Corissa,Causnett,ccausnett8a@gravatar.com,Male,Argentina,Junín,diners-club-enroute,4,true
300,Wilbert,Kinchlea,wkinchlea8b@multiply.com,Male,Russia,Zhavoronki,jcb,2,true
301,Shirlee,Darrow,sdarrow8c@about.me,Agender,Nigeria,Obollo-Afor,jcb,5,false
302,Freeland,Ansley,fansley8d@bing.com,Female,Russia,Kolobovo,jcb,2,false
303,Marjy,Webling,mwebling8e@constantcontact.com,Male,Vietnam,Nhà Bè,jcb,5,false
304,Kelcie,Robichon,krobichon8f@usda.gov,Female,Greece,Gýtheio,bankcard,3,true
305,Hedi,Erskine,herskine8g@hubpages.com,Male,China,Daban,jcb,4,true
306,Guido,Diment,gdiment8h@unc.edu,Male,Mozambique,Ilha de Moçambique,jcb,2,true
307,Olympia,Vaggers,ovaggers8i@hao123.com,Male,Venezuela,Seboruco,jcb,5,false
308,Stewart,Cogle,scogle8j@admin.ch,Female,China,Duoxiang,solo,2,false
309,Ewart,Arbon,earbon8k@photobucket.com,Polygender,Bolivia,Rurrenabaque,jcb,4,false
310,Ilyssa,Huffer,ihuffer8l@un.org,Male,China,Beibao,mastercard,1,true
311,Aarika,Genicke,agenicke8m@dmoz.org,Female,China,Potou,visa-electron,5,false
312,Marissa,Patmore,mpatmore8n@seesaa.net,Male,Western Sahara,Smara,switch,5,false
313,Roman,Metham,rmetham8o@facebook.com,Male,China,Xiyang,americanexpress,3,false
314,Kessiah,Key,kkey8p@elpais.com,Agender,Peru,Quinuabamba,laser,1,true
315,Enrique,Santry,esantry8q@tamu.edu,Male,Greece,Ilioúpoli,switch,5,true
316,Fanchon,Petofi,fpetofi8r@yale.edu,Female,China,Tuqiao,switch,1,true
317,Ursulina,Causby,ucausby8s@dion.ne.jp,Genderqueer,China,Lubei,switch,1,false
318,Lonnard,Fenners,lfenners8t@walmart.com,Female,Indonesia,Datarsitu,bankcard,1,false
319,Gwendolyn,Such,gsuch8u@alibaba.com,Female,China,Suileng,china-unionpay,5,true
320,Byrom,Dealy,bdealy8v@istockphoto.com,Male,Ukraine,Novyy Starodub,maestro,3,false
321,Ardenia,Bernardini,abernardini8w@wordpress.org,Male,China,Henghe,jcb,5,true
322,Kerby,Cookney,kcookney8x@pbs.org,Male,Indonesia,Kemiri,jcb,1,true
323,Jon,De Simoni,jdesimoni8y@issuu.com,Male,France,Besançon,diners-club-carte-blanche,5,true
324,Ber,Purdey,bpurdey8z@google.cn,Female,Poland,Sabnie,jcb,3,false
325,Jose,Mattheeuw,jmattheeuw90@ox.ac.uk,Polygender,China,Xiguantun Muguzu Manzuxiang,jcb,1,true
326,Willow,Oubridge,woubridge91@smugmug.com,Male,United States,San Jose,jcb,1,true
327,Heinrik,Botha,hbotha92@ow.ly,Male,China,Fangbu,jcb,3,true
328,Marrilee,Latter,mlatter93@apple.com,Female,Czech Republic,Červené Pečky,mastercard,1,true
329,Kip,Shervil,kshervil94@geocities.com,Genderfluid,Philippines,Katuli,jcb,4,true
330,Faye,Garforth,fgarforth95@behance.net,Male,China,Renhe,jcb,3,true
331,Frannie,MattiCCI,fmatticci96@1und1.de,Male,Colombia,Líbano,mastercard,3,true
332,Vinni,Rollason,vrollason97@vkontakte.ru,Female,China,Xinhua,jcb,5,true
333,Wendeline,McCluskey,wmccluskey98@usa.gov,Female,Venezuela,El Corozo,maestro,1,false
334,Kipp,Broadbere,kbroadbere99@house.gov,Genderqueer,Argentina,Almafuerte,jcb,2,false
335,Tallie,Wintersgill,twintersgill9a@marriott.com,Male,Australia,Sydney,maestro,3,false
336,Di,Boylan,dboylan9b@stumbleupon.com,Female,Philippines,Barotac Viejo,americanexpress,3,true
337,Rana,Cullum,rcullum9c@sohu.com,Female,Egypt,Abū Sunbul,jcb,4,true
338,Alexine,Lount,alount9d@furl.net,Female,China,Menglie,china-unionpay,5,true
339,Meryl,Jahncke,mjahncke9e@youku.com,Female,Indonesia,Cimarelang,jcb,3,false
340,Katey,McMichan,kmcmichan9f@wikimedia.org,Female,China,Zhongxi,switch,2,true
341,Felix,Olanda,folanda9g@kickstarter.com,Bigender,Mongolia,Altan-Ovoo,visa-electron,4,false
342,Florenza,Morrell,fmorrell9h@exblog.jp,Female,Lithuania,Kelmė,instapayment,1,true
343,Billie,Jolland,bjolland9i@amazonaws.com,Male,Netherlands,Breda,jcb,3,false
344,Hobie,Cana,hcana9j@jiathis.com,Male,China,Nancun,mastercard,4,false
345,Kittie,Duckering,kduckering9k@google.pl,Female,Sweden,Västra Frölunda,diners-club-enroute,5,false
346,Tirrell,Mateo,tmateo9l@odnoklassniki.ru,Female,Croatia,Varaždin,jcb,4,false
347,Lazare,Laffin,llaffin9m@gizmodo.com,Female,Poland,Lgota Wielka,instapayment,3,false
348,Pooh,Artrick,partrick9n@bloomberg.com,Male,Poland,Zgłobień,jcb,3,false
349,Kaylil,Parradine,kparradine9o@altervista.org,Female,China,Hucheng,china-unionpay,5,false
350,Gradey,Paulou,gpaulou9p@senate.gov,Female,China,Penghu,jcb,2,false
351,Germaine,Mallall,gmallall9q@tinypic.com,Male,Colombia,Riofrío,jcb,5,false
352,Gilberta,Habens,ghabens9r@hao123.com,Female,Germany,Hannover,jcb,4,false
353,Evita,Michelin,emichelin9s@npr.org,Male,China,Shuangtang,switch,5,false
354,Augustine,Boorman,aboorman9t@mayoclinic.com,Female,Zambia,Mungwi,jcb,5,false
355,Maure,Eberz,meberz9u@ca.gov,Female,Philippines,Matala,jcb,2,false
356,Jenny,Colebourne,jcolebourne9v@nymag.com,Male,Papua New Guinea,Kieta,diners-club-carte-blanche,5,false
357,Kym,Raulston,kraulston9w@wiley.com,Female,Brazil,Portão,jcb,3,false
358,Valene,Mitchelhill,vmitchelhill9x@usda.gov,Male,Indonesia,Kawaliwu,jcb,5,false
359,Tris,Spinas,tspinas9y@senate.gov,Female,Philippines,Alibago,switch,2,true
360,Banky,Langcaster,blangcaster9z@sfgate.com,Male,Serbia,Radojevo,jcb,4,true
361,Lucretia,Salamon,lsalamona0@blogspot.com,Male,France,Hendaye,jcb,1,true
362,Nichols,Prynne,nprynnea1@skyrock.com,Male,Philippines,Cervantes,laser,5,true
363,Lena,Grayham,lgrayhama2@storify.com,Male,Indonesia,Kedungbulu,mastercard,1,true
364,Gray,Abbatucci,gabbatuccia3@microsoft.com,Female,China,Duobagou,visa-electron,1,true
365,Nicola,Gregoli,ngregolia4@topsy.com,Male,Thailand,Ban Nong Wua So,diners-club-us-ca,4,false
366,Guthrey,Kynnd,gkynnda5@is.gd,Female,China,Yingta,mastercard,4,true
367,Edsel,Pancast,epancasta6@hostgator.com,Male,Poland,Czerniewice,jcb,5,true
368,Charlotte,Melonby,cmelonbya7@bbb.org,Female,Poland,Promna,visa-electron,2,false
369,Georg,Paolazzi,gpaolazzia8@home.pl,Female,Iran,Qal‘eh Ganj,jcb,2,true
370,Alwin,Rofe,arofea9@blog.com,Female,Indonesia,Sindang,china-unionpay,5,true
371,Penni,Fero,pferoaa@cocolog-nifty.com,Male,Brazil,Taquara,mastercard,4,false
372,Hank,Pagen,hpagenab@jigsy.com,Male,China,Dongping,jcb,1,false
373,Rosette,Exposito,rexpositoac@salon.com,Female,Burundi,Bubanza,laser,4,true
374,Jaymie,Klainer,jklainerad@google.de,Female,Russia,Satinka,jcb,5,false
375,Culver,Sante,csanteae@technorati.com,Female,Angola,Sumbe,jcb,1,false
376,Christopher,Forson,cforsonaf@wikia.com,Female,Uganda,Hoima,maestro,5,false
377,Anders,Bremmer,abremmerag@google.com.hk,Female,Indonesia,Semambung,jcb,3,false
378,Jocko,Robbe,jrobbeah@devhub.com,Female,China,Caijiazha,jcb,5,false
379,Dieter,Wilkowski,dwilkowskiai@fc2.com,Female,China,Bukui,diners-club-carte-blanche,1,false
380,Tonya,Roast,troastaj@soup.io,Female,United States,Dulles,jcb,2,true
381,Desirae,Rzehorz,drzehorzak@privacy.gov.au,Male,Kuwait,Ḩawallī,americanexpress,3,true
382,Milly,Dummett,mdummettal@netscape.com,Female,North Korea,Hyesan-dong,mastercard,1,false
383,Anestassia,Jeske,ajeskeam@tmall.com,Female,Saint Lucia,Castries,diners-club-carte-blanche,5,false
384,Eve,Lovat,elovatan@google.com.hk,Female,Bangladesh,Sherpur,jcb,2,false
385,Geordie,Corden,gcordenao@prweb.com,Female,Grenada,Saint David’s,solo,2,false
386,Jere,Macia,jmaciaap@newsvine.com,Male,Canada,Mattawa,jcb,2,false
387,Cosme,Bythway,cbythwayaq@accuweather.com,Genderfluid,Brazil,Jaguaruana,mastercard,1,true
388,Marin,MacComiskey,mmaccomiskeyar@booking.com,Male,Colombia,Sonsón,jcb,5,true
389,Reinhold,Kealy,rkealyas@goo.ne.jp,Male,China,Jianshe,mastercard,4,false
390,Ariel,Vasilyev,avasilyevat@hao123.com,Male,Cameroon,Évodoula,switch,5,true
391,Lorianne,Hurtado,lhurtadoau@xinhuanet.com,Female,Palestinian Territory,Bil‘īn,jcb,3,false
392,Vanessa,Sneller,vsnellerav@youtu.be,Female,Brazil,Garibaldi,jcb,1,true
393,Matthiew,Gilstoun,mgilstounaw@mit.edu,Male,Azerbaijan,Bilajari,jcb,2,true
394,Tan,Pettinger,tpettingerax@deviantart.com,Male,Afghanistan,Qarah Bāgh Bāzār,maestro,3,false
395,Maryanne,Andryushchenko,mandryushchenkoay@dailymail.co.uk,Female,China,Dagang,jcb,5,false
396,Janetta,Drivers,jdriversaz@printfriendly.com,Male,Philippines,Balut,laser,5,true
397,Anjela,Largen,alargenb0@wikispaces.com,Female,Peru,Ocoyo,jcb,4,true
398,Catlin,Cowton,ccowtonb1@sakura.ne.jp,Male,Belarus,Dzyatlava,jcb,2,false
399,Georgina,Oswal,goswalb2@gnu.org,Female,Portugal,Verdizela,switch,2,false
400,Kittie,Dadd,kdaddb3@stanford.edu,Female,Colombia,Pamplona,jcb,3,false
401,Gladi,Stoggles,gstogglesb4@springer.com,Polygender,Indonesia,Patrang,laser,2,false
402,Arty,Casetti,acasettib5@bloglovin.com,Male,Albania,Zharrëz,switch,1,false
403,Shandie,Manjot,smanjotb6@shop-pro.jp,Male,Uzbekistan,Kogon,jcb,4,false
404,Kaitlyn,Keogh,kkeoghb7@canalblog.com,Male,Brazil,Belém,diners-club-us-ca,1,false
405,Maryjo,Chiverton,mchivertonb8@angelfire.com,Male,Russia,Kolyvan’,jcb,2,false
406,Pen,Edeler,pedelerb9@ftc.gov,Male,Malaysia,Seremban,mastercard,4,false
407,Magnum,Stoeckle,mstoeckleba@eepurl.com,Male,Portugal,Lemenhe,switch,5,true
408,Pavel,Lackemann,plackemannbb@drupal.org,Female,Pakistan,Naudero,jcb,2,true
409,Giovanni,Fillon,gfillonbc@ebay.com,Female,Egypt,Al Qurayn,switch,4,true
410,Karlen,Goodwell,kgoodwellbd@canalblog.com,Female,Netherlands,Zaandam,jcb,3,false
411,Shaylynn,Masser,smasserbe@mysql.com,Genderfluid,Russia,Safonovo,americanexpress,2,false
412,Blanch,Medlin,bmedlinbf@house.gov,Male,Peru,Huancapallac,mastercard,2,true
413,Gwenni,Deakes,gdeakesbg@networksolutions.com,Female,Poland,Baligród,jcb,5,false
414,Michail,Aleksandrikin,maleksandrikinbh@sourceforge.net,Female,Russia,Valerik,switch,4,false
415,Allix,Burcher,aburcherbi@shop-pro.jp,Female,Tajikistan,Tursunzoda,jcb,4,true
416,Vasili,Westcot,vwestcotbj@shareasale.com,Female,Brazil,Mirador,diners-club-carte-blanche,2,false
417,Karney,MacNucator,kmacnucatorbk@upenn.edu,Male,Mongolia,Jargalant,mastercard,2,false
418,Tommie,Nealey,tnealeybl@washington.edu,Female,Bangladesh,Bogra,jcb,4,true
419,Rosamond,Keppie,rkeppiebm@un.org,Polygender,Poland,Gwoźnica Górna,diners-club-carte-blanche,4,true
420,Daryn,Wegener,dwegenerbn@ning.com,Male,Indonesia,Banjar Ponggang,diners-club-enroute,3,true
421,Patin,Barette,pbarettebo@hatena.ne.jp,Male,Libya,Zuwārah,instapayment,3,true
422,Bryn,Cervantes,bcervantesbp@marriott.com,Female,Portugal,Água de Pau,diners-club-enroute,2,false
423,Carma,Benadette,cbenadettebq@woothemes.com,Female,China,Lingkou,jcb,5,true
424,Muriel,Rosenauer,mrosenauerbr@dedecms.com,Male,Russia,Dugulubgey,jcb,4,true
425,Leoine,Hatliffe,lhatliffebs@feedburner.com,Male,Belarus,Mstsislaw,jcb,4,false
426,Damaris,Garshore,dgarshorebt@newsvine.com,Female,Czech Republic,Loštice,jcb,1,true
427,Mayer,Kuhnel,mkuhnelbu@deliciousdays.com,Male,Estonia,Pärnu-Jaagupi,switch,1,false
428,Charley,Gunney,cgunneybv@i2i.jp,Male,Sweden,Angered,jcb,4,true
429,Annette,Caddock,acaddockbw@telegraph.co.uk,Female,China,Dongli,jcb,2,false
430,Karel,Gerauld,kgerauldbx@acquirethisname.com,Male,Tajikistan,Boshkengash,jcb,5,true
431,Gabriello,Schimann,gschimannby@goo.gl,Bigender,Indonesia,Ciloa,mastercard,3,false
432,Mickie,Tackes,mtackesbz@imageshack.us,Female,Poland,Czemierniki,jcb,5,true
433,Reece,Mariotte,rmariottec0@geocities.jp,Female,Philippines,Pasacao,jcb,4,false
434,Belinda,Glanester,bglanesterc1@telegraph.co.uk,Female,Indonesia,Wolowona,maestro,5,true
435,Robby,Moultrie,rmoultriec2@hexun.com,Female,Indonesia,Bitobe,jcb,1,true
436,Norby,Cardis,ncardisc3@economist.com,Male,Portugal,São Pedro Gafanhoeira,jcb,4,true
437,Melloney,Lethebridge,mlethebridgec4@xrea.com,Female,China,Guohe,bankcard,2,false
438,Helge,Chapier,hchapierc5@pen.io,Female,Brazil,Jacobina,mastercard,3,false
439,Esta,Lehrer,elehrerc6@weather.com,Male,Luxembourg,Helmsange,visa-electron,3,true
440,Currey,Merle,cmerlec7@slate.com,Female,Russia,Palkino,laser,5,true
441,Frannie,Corah,fcorahc8@ustream.tv,Female,Philippines,Anilao,switch,4,false
442,Breena,Luxford,bluxfordc9@sitemeter.com,Male,Norway,Isdalstø,mastercard,1,false
443,Lisbeth,Shalliker,lshallikerca@statcounter.com,Female,France,Cesson,jcb,1,false
444,Mia,Pask,mpaskcb@yelp.com,Female,China,Lianyun,switch,3,false
445,Ulrica,Kerrod,ukerrodcc@jalbum.net,Agender,Bulgaria,Dimovo,jcb,5,false
446,Marisa,Hattam,mhattamcd@sun.com,Bigender,Afghanistan,Dowlatyār,jcb,4,true
447,Tremain,Jezzard,tjezzardce@soup.io,Female,Indonesia,Kertayuga,jcb,3,false
448,Alan,Dawltrey,adawltreycf@springer.com,Male,Indonesia,Labangka Satu,jcb,3,false
449,Vannie,Longbothom,vlongbothomcg@harvard.edu,Male,Indonesia,Sedayulawas,maestro,5,false
450,Chuck,Breitling,cbreitlingch@wired.com,Male,United States,Orange,bankcard,4,true
451,Creigh,Kinsella,ckinsellaci@edublogs.org,Polygender,Vietnam,Thị Trấn Mường Khến,jcb,1,false
452,Alyse,Twining,atwiningcj@nature.com,Male,Poland,Wojciechów,jcb,5,true
453,Dee dee,Vala,dvalack@cocolog-nifty.com,Female,Brazil,Socorro,maestro,5,false
454,Evelyn,Rankine,erankinecl@xing.com,Female,Poland,Łaziska Górne,jcb,4,true
455,Allistir,D'Orsay,adorsaycm@nytimes.com,Male,Brazil,Saubara,laser,3,false
456,Lacie,Brandli,lbrandlicn@free.fr,Male,France,Limoges,maestro,4,true
457,Katee,Gavin,kgavinco@dion.ne.jp,Male,Afghanistan,Now Zād,diners-club-enroute,5,true
458,Alicia,Orteaux,aorteauxcp@apache.org,Genderqueer,China,Lanyang,jcb,3,true
459,Engelbert,Seivwright,eseivwrightcq@desdev.cn,Female,France,Rezé,jcb,2,true
460,Vivienne,Palke,vpalkecr@miitbeian.gov.cn,Male,Japan,Kyoto,diners-club-enroute,1,true
461,Barris,Corradeschi,bcorradeschics@netvibes.com,Female,China,Jishui,china-unionpay,5,false
462,Matias,Bortolussi,mbortolussict@weather.com,Male,United States,Boca Raton,diners-club-carte-blanche,2,false
463,Costa,McIlvenna,cmcilvennacu@cloudflare.com,Female,New Zealand,Maketu,jcb,4,true
464,Janina,Scatchard,jscatchardcv@telegraph.co.uk,Female,Guyana,Lethem,maestro,1,true
465,Dori,Amsden,damsdencw@admin.ch,Female,Philippines,Inayauan,jcb,5,true
466,Ailene,Skiggs,askiggscx@sourceforge.net,Agender,Namibia,Omuthiya,jcb,3,false
467,Geoffry,Gratland,ggratlandcy@free.fr,Bigender,Greece,Varybóbi,china-unionpay,5,false
468,Rici,Matveiko,rmatveikocz@apache.org,Bigender,Ukraine,Yahotyn,bankcard,1,true
469,Robenia,Dudliston,rdudlistond0@nih.gov,Male,Gambia,Jakhaly,bankcard,1,true
470,Reidar,Osboldstone,rosboldstoned1@nyu.edu,Male,Finland,Kälviä,jcb,3,true
471,Winn,Bellelli,wbellellid2@indiatimes.com,Female,Mauritania,Atar,jcb,3,false
472,Alexandra,Mullany,amullanyd3@livejournal.com,Female,Russia,Novyye Kuz’minki,jcb,5,false
473,Giselbert,Flecknoe,gflecknoed4@cisco.com,Female,Syria,Al Qadmūs,maestro,4,true
474,Ephrem,Van de Vlies,evandevliesd5@wp.com,Male,Portugal,Torres Novas,bankcard,5,true
475,Sunny,Graddell,sgraddelld6@w3.org,Male,Brazil,Canguçu,jcb,1,true
476,Brett,Adame,badamed7@mit.edu,Male,Russia,Vostochnyy,laser,4,false
477,Tom,Biskupiak,tbiskupiakd8@howstuffworks.com,Male,Ireland,Gorey,mastercard,4,false
478,Tuckie,Langstaff,tlangstaffd9@paginegialle.it,Male,Poland,Werbkowice,jcb,1,true
479,Paul,Davey,pdaveyda@mashable.com,Female,Spain,Pamplona/Iruña,laser,1,false
480,Marietta,Amberg,mambergdb@china.com.cn,Agender,China,Wanglian,china-unionpay,4,true
481,Faber,Samet,fsametdc@businessweek.com,Female,Russia,Kharovsk,jcb,1,false
482,Leeland,Elfitt,lelfittdd@admin.ch,Female,Brazil,Cajati,laser,5,true
483,Brynne,Sharma,bsharmade@netlog.com,Male,Indonesia,Menanga,diners-club-carte-blanche,5,false
484,Killian,Hickisson,khickissondf@vkontakte.ru,Female,Portugal,Ribeiro,china-unionpay,1,false
485,Nev,Norman,nnormandg@ca.gov,Non-binary,Indonesia,Tambarangan,mastercard,1,true
486,Shaylah,Whitney,swhitneydh@telegraph.co.uk,Female,Ethiopia,Gambēla,mastercard,3,true
487,Hilliard,Fronzek,hfronzekdi@tinypic.com,Female,Serbia,Inđija,visa-electron,2,true
488,Felic,Blizard,fblizarddj@telegraph.co.uk,Female,Pakistan,Mīrwāh Gorchani,switch,2,true
489,Cheslie,Jay,cjaydk@chron.com,Female,Philippines,Bula,jcb,1,true
490,Walther,Morritt,wmorrittdl@dailymotion.com,Male,Philippines,Minante Segundo,china-unionpay,1,true
491,Barri,Bockmann,bbockmanndm@jalbum.net,Female,China,Wangqu,jcb,1,true
492,Veronica,Kemmish,vkemmishdn@rakuten.co.jp,Male,Indonesia,Dami,bankcard,4,true
493,Jany,Henfre,jhenfredo@canalblog.com,Polygender,Argentina,Villa General Belgrano,visa-electron,1,true
494,Lennard,Devas,ldevasdp@github.com,Male,Estonia,Järvakandi,jcb,1,false
495,Wyatan,Busson,wbussondq@smh.com.au,Female,China,Datong,maestro,3,false
496,Deck,Riddock,driddockdr@bigcartel.com,Genderfluid,China,Jinfeng,jcb,4,true
497,Sayres,MacEveley,smaceveleyds@bloglovin.com,Female,Philippines,Lalagsan,mastercard,2,true
498,Raven,Hurcombe,rhurcombedt@diigo.com,Female,China,Baisangguan,jcb,5,false
499,Sheila-kathryn,Bassford,sbassforddu@phoca.cz,Bigender,Belarus,Shchuchin,jcb,1,true
500,Moselle,Durie,mduriedv@tmall.com,Female,Honduras,Cololaca,jcb,2,true
501,Audry,Gotter,agotterdw@merriam-webster.com,Male,Russia,Zamoskvorech’ye,diners-club-carte-blanche,2,true
502,Ximenez,Kedward,xkedwarddx@dyndns.org,Male,Tajikistan,Ishqoshim,jcb,2,true
503,Thatcher,Mavin,tmavindy@pen.io,Male,Albania,Barmash,china-unionpay,2,false
504,Stephannie,Scurrell,sscurrelldz@latimes.com,Female,Philippines,Panitan,laser,1,false
505,Mommy,Chatters,mchatterse0@people.com.cn,Male,Japan,Shimabara,bankcard,4,false
506,Caressa,Orrocks,corrockse1@is.gd,Female,Afghanistan,Sang-e Chārak,diners-club-enroute,4,true
507,Walliw,Petric,wpetrice2@joomla.org,Female,Bahamas,George Town,jcb,4,false
508,Starlene,Arnaut,sarnaute3@quantcast.com,Male,Indonesia,Wasior,visa-electron,1,true
509,Benedetta,Stean,bsteane4@yahoo.co.jp,Female,Haiti,Saint-Louis du Nord,jcb,2,true
510,Sibyl,Iwanczyk,siwanczyke5@apache.org,Male,China,Ningxi,mastercard,3,true
511,Jedidiah,Sparkes,jsparkese6@imgur.com,Female,Indonesia,Muke,jcb,4,false
512,Lorraine,Harding,lhardinge7@dell.com,Female,China,Zhongcheng,jcb,1,true
513,Jule,Hugk,jhugke8@dropbox.com,Female,Bulgaria,Gulyantsi,jcb,5,false
514,Abner,Aery,aaerye9@google.co.jp,Female,Russia,Dvinskoy,mastercard,5,false
515,Fraser,Newing,fnewingea@e-recht24.de,Female,China,Zhentian,visa,4,true
516,Gilberte,De Vuyst,gdevuysteb@un.org,Female,Philippines,Mantalongon,jcb,3,true
517,Maison,Karpfen,mkarpfenec@freewebs.com,Male,Croatia,Belišće,visa,4,true
518,Giorgia,Masse,gmasseed@tmall.com,Female,Poland,Przodkowo,diners-club-enroute,5,true
519,Randy,Dalgarno,rdalgarnoee@addthis.com,Male,Russia,Pionerskiy,maestro,4,true
520,Miltie,Allatt,mallattef@1688.com,Female,Nigeria,Lalupon,diners-club-international,5,true
521,Carlos,Keaysell,ckeayselleg@cnbc.com,Genderfluid,Jordan,Mafraq,bankcard,2,true
522,Gayleen,Soar,gsoareh@sogou.com,Male,Portugal,Vila,switch,1,false
523,Priscella,Brundill,pbrundillei@phpbb.com,Male,France,Carcassonne,jcb,5,true
524,Liza,Morales,lmoralesej@csmonitor.com,Female,Portugal,Quintã,mastercard,4,false
525,Adolpho,Cloake,acloakeek@sina.com.cn,Genderfluid,Mexico,Magisterial,laser,2,false
526,Maressa,Clemes,mclemesel@bbb.org,Male,Russia,Kstovo,visa-electron,5,true
527,Thurston,Segoe,tsegoeem@engadget.com,Male,Greece,Portariá,china-unionpay,4,true
528,Myrtie,McKeller,mmckelleren@mediafire.com,Male,Indonesia,Garawati,maestro,3,true
529,Foster,Budding,fbuddingeo@reference.com,Male,Philippines,Manga,jcb,2,true
530,Andromache,MacCarrane,amaccarraneep@whitehouse.gov,Male,Indonesia,Mertani,visa,5,false
531,Brent,Ridewood,bridewoodeq@ox.ac.uk,Male,New Zealand,Paihia,maestro,2,true
532,Ervin,Oglevie,eoglevieer@ask.com,Female,China,Huo’erqi,visa-electron,3,false
533,Flore,Dary,fdaryes@baidu.com,Male,Ecuador,Ambato,china-unionpay,4,true
534,Christiana,Yakov,cyakovet@oaic.gov.au,Male,United States,Duluth,jcb,1,false
535,Morris,Learoyd,mlearoydeu@blinklist.com,Non-binary,Russia,Kokoshkino,maestro,2,false
536,Iolande,Riddler,iriddlerev@chicagotribune.com,Male,Brazil,Coruripe,jcb,4,false
537,Darb,Boshier,dboshierew@lulu.com,Female,Poland,Ochojno,switch,1,true
538,Walt,Burdge,wburdgeex@rakuten.co.jp,Female,Myanmar,Mawlamyine,jcb,4,true
539,Con,Fassbindler,cfassbindlerey@squarespace.com,Male,Poland,Zakroczym,jcb,2,false
540,Rutger,Harbin,rharbinez@unblog.fr,Male,Finland,Ruukki,jcb,3,false
541,Eugene,Wolfer,ewolferf0@barnesandnoble.com,Male,Portugal,Odeleite,jcb,1,false
542,Magda,Rentilll,mrentilllf1@xrea.com,Female,Sweden,Lidköping,diners-club-carte-blanche,4,false
543,Sigismund,Carnow,scarnowf2@about.com,Female,China,Tianhe,bankcard,1,true
544,Jaimie,Reinard,jreinardf3@narod.ru,Genderfluid,Indonesia,Antrukan,bankcard,2,false
545,Killie,Molloy,kmolloyf4@nytimes.com,Agender,Czech Republic,Jirny,jcb,4,true
546,Katti,O'Mahoney,komahoneyf5@usgs.gov,Female,Paraguay,Nemby,diners-club-carte-blanche,1,false
547,Cammy,Timothy,ctimothyf6@taobao.com,Male,Finland,Artjärvi,china-unionpay,1,false
548,Kriste,Petrolli,kpetrollif7@nps.gov,Male,Cyprus,Lefkoniko,jcb,4,true
549,Carmel,Playford,cplayfordf8@zdnet.com,Male,Afghanistan,Pachīr wa Āgām,maestro,4,false
550,Terri,McClinton,tmcclintonf9@bloglovin.com,Female,Indonesia,Kelungkung,maestro,2,true
551,Dominik,Ketteringham,dketteringhamfa@mashable.com,Male,Czech Republic,Horní Bříza,jcb,3,false
552,Moses,Lapre,mlaprefb@chron.com,Male,Indonesia,Sumenep,jcb,1,false
553,Abdel,MacNeilley,amacneilleyfc@vimeo.com,Female,Malaysia,Melaka,americanexpress,4,true
554,Timothy,Fuggles,tfugglesfd@irs.gov,Female,Japan,Takahama,jcb,2,true
555,Waldon,Novill,wnovillfe@miibeian.gov.cn,Female,China,Xia Zanggor,jcb,4,false
556,Mia,Oliff,moliffff@hugedomains.com,Male,France,Salon-de-Provence,visa-electron,5,false
557,Anna,Billo,abillofg@github.io,Female,Brazil,Maraã,jcb,3,false
558,Corella,Antao,cantaofh@tiny.cc,Male,China,Xilong,maestro,3,false
559,Ayn,Harses,aharsesfi@army.mil,Female,Poland,Spytkowice,mastercard,1,true
560,Brooks,Watmough,bwatmoughfj@whitehouse.gov,Female,Poland,Ścinawa,mastercard,2,false
561,Muriel,Castagnaro,mcastagnarofk@state.gov,Female,China,Hongqi,maestro,5,false
562,Mair,Sliman,mslimanfl@cdbaby.com,Female,Indonesia,Duri,jcb,4,true
563,Gerrie,Stinson,gstinsonfm@privacy.gov.au,Male,Russia,Energetik,bankcard,2,false
564,Rebecka,Slemming,rslemmingfn@amazonaws.com,Male,Portugal,Lajeosa do Mondego,jcb,5,false
565,Bunnie,Crudginton,bcrudgintonfo@si.edu,Female,Indonesia,Wonorejo,jcb,2,false
566,Annabel,Briton,abritonfp@phpbb.com,Female,Russia,Dal’neye Konstantinovo,jcb,1,false
567,Elianore,Gooley,egooleyfq@twitter.com,Male,Canada,Kirkland Lake,jcb,4,false
568,Greer,Height,gheightfr@blinklist.com,Male,Croatia,Privlaka,jcb,4,false
569,Marje,Sprey,mspreyfs@booking.com,Male,Democratic Republic of the Congo,Bongandanga,jcb,4,false
570,Evelina,Emons,eemonsft@purevolume.com,Male,China,Sanxiang,jcb,1,false
571,Malchy,Skeemer,mskeemerfu@blogs.com,Male,Indonesia,Dusun Tengah Cihaurbeuti,diners-club-enroute,3,true
572,Alexandre,Trevan,atrevanfv@jimdo.com,Male,Portugal,São Lourenço de Mamporcão,visa,1,false
573,Ferdinande,Ducket,fducketfw@mayoclinic.com,Female,Indonesia,Cibaregbeg Dua,visa-electron,1,false
574,Daveta,Hotson,dhotsonfx@opera.com,Female,China,Bailang,solo,5,false
575,Elna,Hilling,ehillingfy@reference.com,Male,Brazil,Ipatinga,jcb,5,true
576,Carlynne,Thornthwaite,cthornthwaitefz@icio.us,Male,Cuba,Matanzas,jcb,2,false
577,Haven,Totterdill,htotterdillg0@phoca.cz,Male,France,Paris 12,jcb,5,false
578,Lillian,Minet,lminetg1@google.fr,Female,China,Zhoushizhuang,jcb,4,true
579,Libbi,Wellbank,lwellbankg2@themeforest.net,Male,China,Mozhong,china-unionpay,2,false
580,Sidnee,Wyper,swyperg3@cdbaby.com,Male,Poland,Łobodno,visa-electron,5,true
581,Martie,Palek,mpalekg4@geocities.com,Female,Tajikistan,Khovaling,diners-club-carte-blanche,2,true
582,Maiga,Ardron,mardrong5@vk.com,Female,China,Huangshanguan,jcb,3,false
583,Gwynne,Allmann,gallmanng6@epa.gov,Male,Tunisia,Dar Chabanne,visa-electron,2,false
584,Orin,Risbridger,orisbridgerg7@netscape.com,Male,Indonesia,Ngrejo,mastercard,1,true
585,Brittany,Lightwing,blightwingg8@sciencedirect.com,Female,Russia,Khoroshëvo-Mnevniki,switch,4,false
586,Fransisco,Titmuss,ftitmussg9@gizmodo.com,Female,Czech Republic,Milíkov,visa-electron,4,true
587,Marcela,Breewood,mbreewoodga@merriam-webster.com,Female,Latvia,Viesīte,jcb,2,false
588,Willabella,Celez,wcelezgb@archive.org,Male,Czech Republic,Kryry,jcb,2,false
589,Mitchell,Dunphie,mdunphiegc@europa.eu,Female,China,Huangliu,mastercard,2,true
590,Malcolm,Gubbin,mgubbingd@smh.com.au,Female,Argentina,Chepes,jcb,2,true
591,Berget,Emmet,bemmetge@ft.com,Genderqueer,Portugal,Lousado,china-unionpay,4,false
592,Carmelina,Halpen,chalpengf@apache.org,Male,Indonesia,Oeri’u,maestro,2,false
593,Jarrid,Bowick,jbowickgg@patch.com,Male,Russia,Sovetskiy,mastercard,4,true
594,Mari,McOwan,mmcowangh@dyndns.org,Female,China,Xuancheng,bankcard,4,true
595,Mike,Peasby,mpeasbygi@prnewswire.com,Female,United States,Fort Smith,china-unionpay,5,true
596,Brendis,Harman,bharmangj@nbcnews.com,Female,China,Yangdu,visa-electron,4,true
597,Hamlen,Manntschke,hmanntschkegk@scientificamerican.com,Genderqueer,Russia,Yazykovo,jcb,1,true
598,Jillana,Trouel,jtrouelgl@gmpg.org,Female,Czech Republic,Velký Týnec,jcb,5,false
599,Darryl,Houchin,dhouchingm@marketwatch.com,Male,China,Hezhi,jcb,4,true
600,Priscilla,Laugheran,plaugherangn@soup.io,Male,Indonesia,Lamalewar,jcb,3,false
601,Darlleen,Grayling,dgraylinggo@tmall.com,Female,Cameroon,Guider,mastercard,5,true
602,Jacquenetta,Chipperfield,jchipperfieldgp@cbc.ca,Female,Philippines,Buang,jcb,4,false
603,Zelma,Lardez,zlardezgq@yale.edu,Male,Brazil,Corumbá,jcb,2,true
604,Emilee,Dallosso,edallossogr@sbwire.com,Bigender,Poland,Zbrosławice,maestro,5,false
605,Graig,Gerring,ggerringgs@domainmarket.com,Polygender,Japan,Kumamoto,jcb,1,true
606,Brynna,Damrell,bdamrellgt@mac.com,Female,France,Marseille,jcb,1,true
607,Stuart,Fitzsymon,sfitzsymongu@bigcartel.com,Male,Philippines,Isulan,visa-electron,2,false
608,Arabele,Chown,achowngv@hp.com,Female,Mali,Nioro,jcb,3,true
609,Troy,Emberson,tembersongw@addthis.com,Male,Russia,Chernyshevsk,jcb,3,true
610,Josey,Nertney,jnertneygx@wisc.edu,Male,Egypt,Mersa Matruh,mastercard,5,true
611,Lorry,Braisby,lbraisbygy@zimbio.com,Male,Estonia,Loo,mastercard,2,false
612,Kristopher,Korlat,kkorlatgz@java.com,Male,Poland,Bełżyce,americanexpress,4,true
613,Fitzgerald,Doone,fdooneh0@simplemachines.org,Female,Sweden,Stockholm,jcb,1,false
614,Happy,Sotworth,hsotworthh1@archive.org,Female,China,Wuli,jcb,4,false
615,Portia,Wildey,pwildeyh2@etsy.com,Male,Vietnam,Khe Tre,diners-club-enroute,1,true
616,Thea,Whitehorn,twhitehornh3@ed.gov,Male,Russia,Vavozh,diners-club-carte-blanche,3,true
617,Lesley,Crimp,lcrimph4@deliciousdays.com,Female,Comoros,Moutsamoudou,mastercard,2,false
618,Gerrie,Burnes,gburnesh5@fc2.com,Male,Poland,Skulsk,instapayment,5,true
619,Kaja,Rumbelow,krumbelowh6@thetimes.co.uk,Agender,Mongolia,Jargalant,diners-club-carte-blanche,5,true
620,Lissa,Nielson,lnielsonh7@businessinsider.com,Female,Brazil,Carmo do Cajuru,bankcard,5,false
621,Pavel,Olland,pollandh8@arstechnica.com,Non-binary,Poland,Sanok,jcb,5,true
622,Kale,Landa,klandah9@gmpg.org,Male,Vietnam,Hòa Bình,jcb,3,false
623,Stewart,Lehenmann,slehenmannha@kickstarter.com,Female,China,Gahe,maestro,4,true
624,Lemuel,Van den Broek,lvandenbroekhb@abc.net.au,Female,Peru,Pozuzo,switch,1,true
625,Liz,Mariotte,lmariottehc@whitehouse.gov,Male,China,Xiangdian,china-unionpay,1,false
626,Randolf,Haensel,rhaenselhd@fda.gov,Male,Guatemala,Ostuncalco,jcb,4,false
627,Portie,Hince,phincehe@sina.com.cn,Female,China,Jieting,jcb,4,true
628,Scotty,Lumsden,slumsdenhf@facebook.com,Female,Czech Republic,Vlachovice,jcb,1,false
629,Hendrik,Cairns,hcairnshg@amazon.de,Male,New Zealand,New Plymouth,jcb,2,true
630,Allis,Shields,ashieldshh@amazon.com,Male,Brazil,Mucuri,jcb,1,false
631,Matteo,Westerman,mwestermanhi@ucoz.ru,Male,China,Suncun,americanexpress,2,false
632,Rolland,Smaleman,rsmalemanhj@businesswire.com,Male,United States,Birmingham,jcb,3,false
633,Winn,Diem,wdiemhk@meetup.com,Female,Peru,Aco,china-unionpay,1,true
634,Verna,Seamon,vseamonhl@epa.gov,Male,China,Funan Chengguanzhen,maestro,5,false
635,Traci,Savoury,tsavouryhm@ed.gov,Female,Syria,Ar Rawḑah,jcb,3,false
636,Fredra,McCrostie,fmccrostiehn@lycos.com,Male,Ecuador,Babahoyo,visa,2,false
637,Liuka,Halley,lhalleyho@virginia.edu,Male,Indonesia,Daja,visa-electron,5,true
638,Diena,Lenthall,dlenthallhp@ted.com,Male,Vietnam,Diên Khánh,jcb,2,false
639,Caterina,Elies,celieshq@ovh.net,Non-binary,China,Muyi,mastercard,4,true
640,Sande,Rastall,srastallhr@foxnews.com,Female,China,Yongping,jcb,2,false
641,Kristen,Twidale,ktwidalehs@independent.co.uk,Female,Japan,Yonago,jcb,3,true
642,Onfre,Boumphrey,oboumphreyht@goo.ne.jp,Female,Argentina,Joaquín V. González,diners-club-us-ca,5,true
643,Star,Shipton,sshiptonhu@chicagotribune.com,Male,Philippines,Budta,jcb,1,false
644,Flint,Minichillo,fminichillohv@illinois.edu,Male,Japan,Tajimi,jcb,1,true
645,Boyd,Derwin,bderwinhw@businessinsider.com,Male,Portugal,Carreira,diners-club-enroute,5,false
646,Gunther,Dillway,gdillwayhx@smh.com.au,Male,Brazil,Araguari,jcb,1,true
647,Suzanne,Tynemouth,stynemouthhy@smugmug.com,Female,United States,Duluth,mastercard,2,false
648,Jorrie,Emett,jemetthz@mlb.com,Male,China,Sanbao,jcb,1,false
649,Evelina,Dimelow,edimelowi0@scribd.com,Male,Venezuela,Maracaibo,jcb,3,false
650,Stevena,Proschke,sproschkei1@cdbaby.com,Female,Czech Republic,Pecka,mastercard,2,true
651,Fowler,Leatham,fleathami2@freewebs.com,Female,China,Sanhui,mastercard,4,true
652,Lorie,Cockaday,lcockadayi3@sbwire.com,Male,Argentina,Plottier,maestro,3,true
653,Zilvia,McIlenna,zmcilennai4@patch.com,Male,China,Bozhou,jcb,2,true
654,Toma,Shippey,tshippeyi5@webnode.com,Female,France,Besançon,jcb,2,true
655,Fidelity,Hawkin,fhawkini6@earthlink.net,Male,Indonesia,Sebedo,jcb,4,false
656,Violetta,Bell,vbelli7@bloomberg.com,Female,France,Juvisy-sur-Orge,maestro,1,true
657,Letisha,Braysher,lbraysheri8@hostgator.com,Male,Argentina,Costa Sacate,instapayment,3,true
658,Zebulon,Hellmer,zhellmeri9@dailymotion.com,Male,Japan,Oyabe,jcb,1,true
659,Averyl,Vivien,avivienia@altervista.org,Male,China,Honglan,visa-electron,3,true
660,Clo,Luetchford,cluetchfordib@va.gov,Genderfluid,France,Moulins,diners-club-enroute,3,false
661,Antonina,Taaffe,ataaffeic@cornell.edu,Female,Czech Republic,Rajhradice,bankcard,4,false
662,Adelbert,Scade,ascadeid@posterous.com,Female,Armenia,Gyumri,jcb,4,false
663,Pippo,Olivera,poliveraie@shutterfly.com,Female,Indonesia,Krajan,jcb,4,true
664,Krissie,Ansett,kansettif@nymag.com,Non-binary,Finland,Renko,jcb,3,false
665,Tab,Simonnin,tsimonninig@furl.net,Male,China,Zhangwan,visa-electron,4,false
666,Torrey,Blennerhassett,tblennerhassettih@intel.com,Male,Colombia,Ipiales,jcb,3,false
667,Liuka,Clousley,lclousleyii@google.com.br,Female,Syria,Ţayyibat al Imām,maestro,5,true
668,Aviva,Neeve,aneeveij@google.fr,Male,China,Sijing,jcb,1,false
669,Lilias,Hacaud,lhacaudik@google.es,Male,Sweden,Stockholm,americanexpress,1,true
670,Kirby,Fowgies,kfowgiesil@blog.com,Female,Japan,Nabari,jcb,4,false
671,Tatum,Piscopiello,tpiscopielloim@tumblr.com,Female,China,Xijiang,jcb,4,false
672,Dolf,Ollet,dolletin@1688.com,Male,Poland,Krzepice,jcb,1,false
673,Ginnifer,Brandin,gbrandinio@tamu.edu,Male,Malta,Tarxien,jcb,5,false
674,Sherilyn,Prestedge,sprestedgeip@squidoo.com,Female,Russia,Mikhaylov,solo,2,false
675,Ludovico,MacCracken,lmaccrackeniq@china.com.cn,Female,Russia,Neryungri,switch,5,false
676,Gwenore,Blanckley,gblanckleyir@who.int,Male,Philippines,Umingan,mastercard,2,true
677,Benoit,Hartnell,bhartnellis@yahoo.co.jp,Female,Indonesia,Panggungwinong,jcb,2,false
678,Mortie,McHale,mmchaleit@mapquest.com,Agender,Indonesia,Sukabatu,maestro,5,true
679,Eleanora,O'Reagan,eoreaganiu@blog.com,Polygender,Argentina,Chicoana,jcb,2,true
680,Karena,Farney,kfarneyiv@reference.com,Female,Bulgaria,Akhtopol,americanexpress,3,true
681,Baxie,Bernli,bbernliiw@wikimedia.org,Male,Brazil,Pacatuba,diners-club-carte-blanche,3,false
682,Marita,Darracott,mdarracottix@deviantart.com,Female,Mongolia,Ulaanbaatar,jcb,2,false
683,Pearce,Wistance,pwistanceiy@cisco.com,Female,Brazil,Ipirá,visa-electron,1,true
684,Nikolaus,Basilio,nbasilioiz@cloudflare.com,Male,Ghana,Akim Swedru,jcb,1,true
685,Melli,Esom,mesomj0@biblegateway.com,Male,Serbia,Nova Pazova,jcb,3,true
686,Darcy,Sloam,dsloamj1@example.com,Female,China,Yangzi,visa-electron,2,true
687,Letizia,Longega,llongegaj2@csmonitor.com,Female,Indonesia,Bangbayang,mastercard,2,false
688,Dyna,Impey,dimpeyj3@latimes.com,Female,Brazil,Esplanada,mastercard,3,false
689,Traci,Yandle,tyandlej4@chronoengine.com,Female,China,Suidong,jcb,1,false
690,Quill,Garci,qgarcij5@prlog.org,Male,Vietnam,Tô Hạp,jcb,5,false
691,Herc,Stopforth,hstopforthj6@pinterest.com,Male,Greece,Lófos,jcb,5,true
692,Roth,Lange,rlangej7@rediff.com,Female,Slovenia,Kranjska Gora,instapayment,3,false
693,Lee,Creagh,lcreaghj8@pinterest.com,Female,Ukraine,Pustomyty,china-unionpay,3,false
694,Andie,Coghill,acoghillj9@gnu.org,Female,Indonesia,Sebasang,americanexpress,4,false
695,Mortimer,Swadlen,mswadlenja@pen.io,Male,Brazil,Barra de São Francisco,switch,2,true
696,Bryant,Cannaway,bcannawayjb@ning.com,Male,Russia,Yurla,mastercard,2,true
697,Joana,Weekley,jweekleyjc@imageshack.us,Female,Afghanistan,Tsowkêy,diners-club-us-ca,1,false
698,Caresse,Eaklee,ceakleejd@xing.com,Male,Brazil,Iguape,jcb,5,false
699,Nelie,Oldfield-Cherry,noldfieldcherryje@ed.gov,Male,Iran,Abhar,solo,1,false
700,Ave,Arp,aarpjf@nsw.gov.au,Male,Brazil,São Bento,americanexpress,5,false
701,Claretta,Dishmon,cdishmonjg@nytimes.com,Female,Sweden,Uddevalla,jcb,5,false
702,Glendon,Dobbing,gdobbingjh@thetimes.co.uk,Female,Ukraine,Olyshivka,jcb,2,false
703,Bennie,Meiningen,bmeiningenji@tmall.com,Female,China,Longkou,mastercard,2,true
704,Mata,Eilert,meilertjj@livejournal.com,Genderqueer,Philippines,La Paz,jcb,1,false
705,Buddy,Petican,bpeticanjk@github.io,Female,Libya,Al Burayqah,jcb,3,true
706,Waylon,Diss,wdissjl@who.int,Female,Philippines,Santa Clara,laser,3,false
707,Dominick,Whoston,dwhostonjm@ox.ac.uk,Female,China,Shitun,visa,5,false
708,Isis,Menhci,imenhcijn@wiley.com,Male,Colombia,Hispania,americanexpress,3,true
709,Hirsch,Netherwood,hnetherwoodjo@army.mil,Female,Afghanistan,Sar Chakān,jcb,2,false
710,Ase,Kershaw,akershawjp@cdbaby.com,Male,China,Dongdong,diners-club-carte-blanche,4,true
711,Susette,Shenfisch,sshenfischjq@joomla.org,Male,Philippines,Kaytitinga,switch,2,true
712,Alecia,Snedker,asnedkerjr@themeforest.net,Female,Brazil,Barra de São Francisco,americanexpress,3,false
713,Emmalynne,McMichael,emcmichaeljs@abc.net.au,Female,Indonesia,Lancang,bankcard,3,false
714,Kimmie,Bett,kbettjt@bbc.co.uk,Female,China,Jincheng,mastercard,1,false
715,Noble,Orchart,norchartju@skype.com,Bigender,China,Dayou,china-unionpay,4,false
716,Hugh,Pottberry,hpottberryjv@netscape.com,Genderfluid,China,Gongchang,laser,1,true
717,Marie-ann,Sellack,msellackjw@aboutads.info,Female,Serbia,Trstenik,jcb,2,false
718,Barri,O'Dwyer,bodwyerjx@twitter.com,Female,Portugal,Pedreira,jcb,1,false
719,Georgy,Roscher,groscherjy@earthlink.net,Genderqueer,Ecuador,La Libertad,jcb,1,true
720,Vasilis,Nicholl,vnicholljz@patch.com,Male,China,Menlou,americanexpress,2,true
721,Elliot,McInulty,emcinultyk0@addthis.com,Female,China,Fengshuling,diners-club-carte-blanche,3,false
722,Correy,Darkin,cdarkink1@cnet.com,Male,Indonesia,Palue,jcb,4,true
723,Xymenes,Goldin,xgoldink2@google.es,Male,Japan,Futtsu,americanexpress,4,false
724,Bing,Aslie,basliek3@nps.gov,Female,Egypt,At Tall al Kabīr,mastercard,3,true
725,Barbabas,Whaites,bwhaitesk4@opera.com,Female,Croatia,Podhum,jcb,3,false
726,Grayce,Spurret,gspurretk5@psu.edu,Polygender,Indonesia,Pasirtundun,china-unionpay,1,true
727,Benton,Maddinon,bmaddinonk6@google.it,Female,Peru,Sacsamarca,jcb,1,false
728,Gail,Rudsdale,grudsdalek7@delicious.com,Female,Russia,Lokosovo,bankcard,1,true
729,Emanuele,Hubach,ehubachk8@hexun.com,Male,Indonesia,Sarangmeduro,switch,3,true
730,Stearne,Eyres,seyresk9@mysql.com,Female,Afghanistan,Mūsá Qal‘ah,diners-club-carte-blanche,2,false
731,Riane,Jelfs,rjelfska@unicef.org,Male,Indonesia,Tanahwurung,jcb,2,true
732,Vladamir,Shaddock,vshaddockkb@google.co.jp,Male,Morocco,Moulay Abdallah,mastercard,2,true
733,Loren,Anscott,lanscottkc@discovery.com,Non-binary,Indonesia,Muting,jcb,5,true
734,Cathleen,Cristofolo,ccristofolokd@csmonitor.com,Female,United States,Washington,china-unionpay,5,false
735,Melisa,Spencelayh,mspencelayhke@illinois.edu,Male,Uzbekistan,G’uzor,diners-club-carte-blanche,1,false
736,Ermengarde,Bachmann,ebachmannkf@furl.net,Non-binary,Croatia,Bjelovar,maestro,3,false
737,Kevina,Conneau,kconneaukg@indiegogo.com,Male,China,Yanghe,diners-club-enroute,5,true
738,Candis,Alsopp,calsoppkh@gmpg.org,Female,Macedonia,Negotino,visa,1,true
739,Hobart,Rummin,hrumminki@artisteer.com,Male,Denmark,København,visa-electron,5,false
740,Staffard,Maharey,smahareykj@sourceforge.net,Male,Russia,Nakhodka,maestro,2,false
741,Devin,Lemm,dlemmkk@joomla.org,Male,Poland,Błaszki,switch,5,true
742,Sarene,Kingaby,skingabykl@tumblr.com,Female,Serbia,Stepanovićevo,jcb,4,false
743,Joellyn,Fradgley,jfradgleykm@prweb.com,Male,China,Tieling,china-unionpay,1,true
744,Aili,Scrimgeour,ascrimgeourkn@ucsd.edu,Female,Poland,Pokrzywnica,visa,5,true
745,Godart,Davet,gdavetko@edublogs.org,Male,Indonesia,Ngrejo,diners-club-enroute,1,false
746,Rolando,Haffner,rhaffnerkp@printfriendly.com,Female,South Korea,Chinch'ŏn,americanexpress,3,true
747,Latisha,Franklen,lfranklenkq@naver.com,Female,Lithuania,Panevėžys,maestro,4,false
748,Basilio,Ludy,bludykr@dion.ne.jp,Female,China,Tucheng,bankcard,3,false
749,Annelise,Grosvener,agrosvenerks@51.la,Female,China,Sunjia Buzi,bankcard,4,false
750,Shawnee,Di Biagio,sdibiagiokt@mail.ru,Male,Argentina,Rawson,jcb,1,false
751,Modesta,Folks,mfolksku@sogou.com,Female,Indonesia,Ulimonong,jcb,4,false
752,Issie,Cato,icatokv@ftc.gov,Female,Indonesia,Trogan Barat,china-unionpay,5,true
753,Osbert,Aspall,oaspallkw@webs.com,Female,Poland,Koszarawa,jcb,1,false
754,Basilio,Lattka,blattkakx@godaddy.com,Male,Indonesia,Palenggihan,jcb,5,true
755,Wolf,Roman,wromanky@cyberchimps.com,Male,Mauritius,Notre Dame,jcb,4,true
756,Zacharie,Newlin,znewlinkz@ftc.gov,Female,Bolivia,Huanuni,diners-club-carte-blanche,1,true
757,Milty,Slessor,mslessorl0@blinklist.com,Female,Indonesia,Tanjung Pandan,mastercard,1,true
758,Deloria,Eller,dellerl1@bluehost.com,Male,Indonesia,Karanglo,bankcard,5,true
759,Eleanora,Mirando,emirandol2@dmoz.org,Male,Russia,Podosinovets,bankcard,1,false
760,Joshia,Dryburgh,jdryburghl3@apache.org,Female,Japan,Noshiro,maestro,5,true
761,Liana,Redan,lredanl4@ed.gov,Female,France,Aix-en-Provence,mastercard,4,false
762,Veda,Whelpdale,vwhelpdalel5@unc.edu,Male,Philippines,Abangay,mastercard,4,true
763,Engelbert,Pinar,epinarl6@tripod.com,Female,France,Metz,jcb,3,false
764,Goldarina,Micklewright,gmicklewrightl7@hostgator.com,Female,Greece,Loutrá,visa,5,true
765,Bing,Statter,bstatterl8@ca.gov,Female,Sweden,Halmstad,china-unionpay,2,false
766,Gherardo,Woodrow,gwoodrowl9@army.mil,Male,Mauritius,Grande Rivière Noire,americanexpress,5,false
767,Christopher,Ceely,cceelyla@qq.com,Female,Paraguay,Ayolas,jcb,2,false
768,Thorn,Oswald,toswaldlb@paypal.com,Female,Armenia,Verin Dvin,bankcard,3,true
769,Chery,Castells,ccastellslc@networksolutions.com,Female,Indonesia,Cibeureum,diners-club-enroute,5,true
770,Nicolas,McGeorge,nmcgeorgeld@sourceforge.net,Female,Russia,Vazhiny,switch,1,true
771,Brock,Kantor,bkantorle@cdbaby.com,Male,Poland,Twardawa,jcb,2,false
772,Cherise,McMorran,cmcmorranlf@deviantart.com,Female,Vietnam,Thị Trấn Mường Khương,jcb,3,false
773,Kerry,Roskrug,kroskruglg@nytimes.com,Male,Peru,Huata,china-unionpay,1,true
774,Lamond,Bottleson,lbottlesonlh@miitbeian.gov.cn,Female,Canada,Lions Bay,switch,5,true
775,Jacquenetta,Olyet,jolyetli@yandex.ru,Female,Tanzania,Kilindoni,jcb,1,true
776,Sean,Banfield,sbanfieldlj@toplist.cz,Female,China,Hongshanyao,jcb,4,true
777,Bevin,Northidge,bnorthidgelk@people.com.cn,Female,Guatemala,Samayac,jcb,5,false
778,Larry,Kochs,lkochsll@ihg.com,Female,Russia,Novosheshminsk,americanexpress,2,false
779,Dana,Pardon,dpardonlm@meetup.com,Male,Brazil,Campinas,china-unionpay,1,true
780,Sarajane,Stansby,sstansbyln@forbes.com,Agender,Poland,Choroszcz,diners-club-enroute,2,true
781,Loni,Beckford,lbeckfordlo@cafepress.com,Male,Brazil,Araguari,jcb,1,false
782,Lorie,Standon,lstandonlp@wp.com,Male,Albania,Lezhë,jcb,5,true
783,Beltran,Brabant,bbrabantlq@furl.net,Male,Indonesia,Ladoang,jcb,5,false
784,Sindee,Boundley,sboundleylr@cloudflare.com,Female,Nigeria,Jalingo,jcb,1,false
785,Walton,Bamfield,wbamfieldls@mayoclinic.com,Female,Maldives,Viligili,mastercard,4,true
786,Theressa,Arents,tarentslt@twitter.com,Female,Ecuador,Huaquillas,laser,2,false
787,Esme,Davis,edavislu@tripadvisor.com,Female,Greenland,Nanortalik,bankcard,1,false
788,Elissa,Duigenan,eduigenanlv@admin.ch,Male,China,Qingshui,jcb,1,true
789,Hillyer,De Ambrosis,hdeambrosislw@fda.gov,Male,Indonesia,Sukamulya,visa-electron,2,true
790,Bronnie,Youell,byouelllx@cdbaby.com,Male,Czech Republic,Rajhradice,mastercard,5,false
791,Delila,Berthelet,dbertheletly@soup.io,Genderfluid,Philippines,Almeria,instapayment,3,true
792,Chen,Capelin,ccapelinlz@xrea.com,Female,China,Xinzhai,jcb,2,false
793,Garnet,Paddington,gpaddingtonm0@themeforest.net,Female,Peru,Lima,diners-club-carte-blanche,2,false
794,Marco,Handmore,mhandmorem1@berkeley.edu,Non-binary,Philippines,Malabago,diners-club-carte-blanche,4,true
795,Gaelan,Wickendon,gwickendonm2@yellowpages.com,Female,Indonesia,Raemude,bankcard,1,false
796,Nev,Vreiberg,nvreibergm3@fc2.com,Male,Croatia,Vinica,bankcard,2,true
797,Cross,Konmann,ckonmannm4@hp.com,Female,Poland,Solec-Zdrój,jcb,1,true
798,Reine,Halden,rhaldenm5@twitpic.com,Female,Honduras,Peña Blanca,solo,1,true
799,Grace,Grayson,ggraysonm6@intel.com,Female,Myanmar,Myaydo,jcb,1,true
800,Rafaello,Camber,rcamberm7@yolasite.com,Agender,China,Tongxing,jcb,5,true
801,Robb,Servant,rservantm8@dedecms.com,Male,Kenya,Kajiado,jcb,4,false
802,Gae,Kegley,gkegleym9@purevolume.com,Female,China,Xiaosong,jcb,3,true
803,Lorita,Giacomini,lgiacominima@illinois.edu,Female,Honduras,Santa Lucía,jcb,5,true
804,Malva,Filippucci,mfilippuccimb@sakura.ne.jp,Male,Brazil,São Miguel do Iguaçu,americanexpress,1,true
805,Meghan,Jennaway,mjennawaymc@senate.gov,Female,Germany,Augsburg,mastercard,5,true
806,Issie,Potts,ipottsmd@hud.gov,Female,Indonesia,Ngembo,jcb,4,true
807,Patrizius,Pothecary,ppothecaryme@sogou.com,Female,Canada,Mirabel,jcb,2,true
808,Veronique,Lukesch,vlukeschmf@bbb.org,Male,Spain,"Palmas De Gran Canaria, Las",americanexpress,2,true
809,Barry,Linnit,blinnitmg@sphinn.com,Bigender,China,Xiluo,diners-club-carte-blanche,1,false
810,Harlie,Glison,hglisonmh@google.it,Male,Indonesia,Bedadung Kulon,americanexpress,5,true
811,Rachel,Wornham,rwornhammi@ca.gov,Male,Philippines,Cabannungan Second,jcb,3,true
812,Sela,Weiser,sweisermj@aol.com,Female,Oman,Haymā’,jcb,3,true
813,Kiersten,Lunnon,klunnonmk@tripod.com,Female,Egypt,Idfu,jcb,4,false
814,Jenifer,Clitsome,jclitsomeml@usgs.gov,Female,Lebanon,Jbaïl,solo,2,true
815,Sabina,Siccombe,ssiccombemm@paginegialle.it,Female,China,Gaoming,jcb,4,true
816,Agathe,Danielli,adaniellimn@devhub.com,Female,South Korea,Samsan,laser,3,true
817,Irvin,Blodg,iblodgmo@seattletimes.com,Male,Indonesia,Tlogowetan,americanexpress,2,false
818,Kit,Hartmann,khartmannmp@globo.com,Non-binary,China,Shibi,maestro,1,true
819,Daloris,Selley,dselleymq@blinklist.com,Female,Iran,Māmūnīyeh,jcb,4,false
820,Wilden,Havvock,whavvockmr@php.net,Male,Japan,Machida,jcb,2,true
821,Hermina,Ezzell,hezzellms@oracle.com,Female,Russia,Sheksna,mastercard,4,true
822,Shoshana,Franks,sfranksmt@loc.gov,Female,Vietnam,Thị Trấn Cẩm Thủy,maestro,1,false
823,Hunt,Creagh,hcreaghmu@statcounter.com,Female,China,Jiangqiao,americanexpress,5,false
824,Graeme,Perrie,gperriemv@icio.us,Female,Indonesia,Bhokadoke,bankcard,3,true
825,Skye,Enderby,senderbymw@google.ca,Non-binary,Colombia,Galapa,switch,5,true
826,Dirk,Crossdale,dcrossdalemx@timesonline.co.uk,Male,Vietnam,Phú Vang,mastercard,3,false
827,Rouvin,Clynter,rclyntermy@slate.com,Female,Bosnia and Herzegovina,Rumboci,maestro,1,false
828,Crystal,Berthomier,cberthomiermz@go.com,Genderfluid,Poland,Borzęta,switch,5,false
829,Jermaine,Lemanu,jlemanun0@samsung.com,Female,China,Jiuxian,laser,2,false
830,Hillier,Dearman,hdearmann1@youku.com,Female,France,Portet-sur-Garonne,jcb,3,true
831,Gilda,Barkas,gbarkasn2@ocn.ne.jp,Male,Ireland,Fairview,jcb,1,true
832,Jonah,Stoggles,jstogglesn3@imdb.com,Female,Russia,Voskresensk,jcb,4,true
833,Brynna,Murrock,bmurrockn4@nasa.gov,Male,Brazil,Vigia,diners-club-enroute,3,true
834,Cesaro,Helks,chelksn5@chron.com,Male,Costa Rica,San Pedro,visa,3,true
835,Deny,Sudlow,dsudlown6@eepurl.com,Male,Japan,Shibata,jcb,5,true
836,Harlen,Woodes,hwoodesn7@amazon.co.jp,Female,Cuba,Las Tunas,diners-club-carte-blanche,2,false
837,Lynsey,Snoddy,lsnoddyn8@behance.net,Male,Malta,Balzan,diners-club-carte-blanche,5,true
838,Falkner,Rishworth,frishworthn9@com.com,Male,Luxembourg,Garnich,visa-electron,4,true
839,Lucky,Lehrmann,llehrmannna@google.com.hk,Male,Russia,Magnitka,solo,3,false
840,Oneida,Hekkert,ohekkertnb@prweb.com,Male,China,Xiaoguai,mastercard,4,false
841,Abbot,Gass,agassnc@infoseek.co.jp,Male,Ecuador,Bahía de Caráquez,americanexpress,3,false
842,Malissa,Pollett,mpollettnd@twitpic.com,Female,Egypt,‘Izbat al Burj,mastercard,4,true
843,Katha,Whyborne,kwhybornene@nifty.com,Male,Indonesia,Glugur Tengah,diners-club-carte-blanche,5,false
844,Laurette,Allerton,lallertonnf@google.nl,Male,Philippines,Patpata Segundo,americanexpress,2,true
845,Crystie,Macellar,cmacellarng@wunderground.com,Male,Sweden,Danderyd,americanexpress,5,true
846,Alexander,Cough,acoughnh@ibm.com,Female,China,Tianqian,mastercard,1,false
847,Melosa,Osmant,mosmantni@nationalgeographic.com,Male,China,Santiaoshi,mastercard,5,false
848,Ichabod,Cramphorn,icramphornnj@aboutads.info,Male,Indonesia,Banjar Lalangpasek,mastercard,2,true
849,Syd,Karlicek,skarliceknk@statcounter.com,Female,Philippines,Santa Maria,jcb,2,false
850,Adelbert,Favill,afavillnl@people.com.cn,Male,North Korea,Haeju,jcb,3,false
851,Gabriel,Gowdie,ggowdienm@utexas.edu,Female,Sweden,Borlänge,mastercard,2,true
852,Dorette,Sicha,dsichann@ca.gov,Female,Indonesia,Loboniki,jcb,2,false
853,Cicely,Munton,cmuntonno@spotify.com,Female,Yemen,Laḩij,maestro,5,true
854,Val,Falconer-Taylor,vfalconertaylornp@about.me,Male,China,Shuangtian,americanexpress,1,false
855,Cher,Theobold,ctheoboldnq@zdnet.com,Female,China,Quchomo,laser,1,false
856,Rodolph,Weatherhill,rweatherhillnr@histats.com,Female,Russia,Monino,switch,1,false
857,Roxanna,Tremoille,rtremoillens@home.pl,Male,China,Rentian,mastercard,3,true
858,Gifford,Balaison,gbalaisonnt@mapquest.com,Male,Indonesia,Ngrejo,jcb,4,true
859,Deonne,Buckeridge,dbuckeridgenu@marketwatch.com,Female,China,Baojia,mastercard,2,false
860,Charlene,Pauluzzi,cpauluzzinv@msu.edu,Male,China,Yuyao,jcb,3,false
861,Cart,Farrant,cfarrantnw@blogtalkradio.com,Male,Greece,Artémida,diners-club-enroute,5,false
862,Boycie,Ellin,bellinnx@parallels.com,Male,Philippines,Calubcub Dos,jcb,3,false
863,Humfried,Rochford,hrochfordny@latimes.com,Male,Colombia,Funes,switch,5,false
864,Traver,Slott,tslottnz@theatlantic.com,Female,Czech Republic,Prachatice,jcb,2,true
865,Ike,Strelitz,istrelitzo0@epa.gov,Male,Uruguay,Salto,switch,5,true
866,Jeanie,Coldicott,jcoldicotto1@dropbox.com,Genderfluid,China,Longquan,visa,4,false
867,Liz,Bullas,lbullaso2@reddit.com,Female,China,Maodian,mastercard,4,false
868,Kendell,Chadband,kchadbando3@patch.com,Male,China,Ganxi,mastercard,1,true
869,Davy,Weighell,dweighello4@hubpages.com,Male,Indonesia,Sumberrejo,americanexpress,5,false
870,Korney,Betteridge,kbetteridgeo5@163.com,Female,China,Zhangzhen,jcb,3,false
871,Giffie,Hattam,ghattamo6@altervista.org,Male,France,Nantes,jcb,2,true
872,Ilyssa,Dibdall,idibdallo7@smh.com.au,Female,Brazil,Lajeado,jcb,4,true
873,Reggie,Gason,rgasono8@sakura.ne.jp,Male,Cuba,Bartolomé Masó,jcb,1,false
874,Lucille,Peplow,lpeplowo9@nature.com,Male,Peru,Pampachiri,jcb,2,true
875,Mitzi,Kopke,mkopkeoa@oracle.com,Female,China,Zhaogezhuang,diners-club-carte-blanche,1,false
876,Erick,Farquhar,efarquharob@elpais.com,Male,Brazil,Conde,jcb,1,false
877,Edyth,Enriques,eenriquesoc@globo.com,Male,Russia,Obolensk,americanexpress,2,false
878,Harland,Croisier,hcroisierod@live.com,Polygender,Portugal,Póvoa,diners-club-us-ca,5,false
879,Elissa,Trustie,etrustieoe@narod.ru,Male,Bosnia and Herzegovina,Hadžići,jcb,2,true
880,Tait,Andrichuk,tandrichukof@vkontakte.ru,Male,Ivory Coast,Tiassalé,visa,4,false
881,Tabitha,Schinetti,tschinettiog@yahoo.com,Male,Thailand,Prachin Buri,bankcard,5,true
882,Yurik,Crayke,ycraykeoh@naver.com,Male,Bosnia and Herzegovina,Čajniče,maestro,5,true
883,Arluene,Welman,awelmanoi@wikipedia.org,Female,Indonesia,Lemahputih,jcb,3,true
884,Clerkclaude,Klousner,cklousneroj@cloudflare.com,Female,Poland,Września,jcb,1,false
885,Kelila,Le Brom,klebromok@tripod.com,Polygender,Indonesia,Leuwihalang,instapayment,2,false
886,Hyacinth,Villaret,hvillaretol@privacy.gov.au,Polygender,China,Youhua,diners-club-carte-blanche,4,false
887,Gayle,Gawthorpe,ggawthorpeom@amazon.co.uk,Male,Equatorial Guinea,Ncue,mastercard,3,true
888,Markos,Cornish,mcornishon@businessinsider.com,Male,Poland,Dobra,jcb,3,true
889,Augustin,Aland,aalandoo@meetup.com,Female,Japan,Kagoshima-shi,jcb,4,false
890,Lezlie,McKendo,lmckendoop@mediafire.com,Male,Brazil,Jacobina,visa,5,true
891,Martainn,Kopmann,mkopmannoq@instagram.com,Female,Malawi,Lilongwe,jcb,5,false
892,Kincaid,Dmtrovic,kdmtrovicor@netlog.com,Female,United States,Portland,jcb,3,true
893,Aindrea,Corkan,acorkanos@bloglines.com,Male,Poland,Rudka,visa-electron,5,false
894,Madelina,Loftie,mloftieot@ow.ly,Male,Vietnam,Long Thành,jcb,3,false
895,Bambi,Wellsman,bwellsmanou@nature.com,Female,Germany,Dillenburg,laser,3,false
896,Chadwick,Cumbridge,ccumbridgeov@quantcast.com,Female,China,Bayang,diners-club-carte-blanche,4,true
897,Orv,Kiera,okieraow@webeden.co.uk,Female,Mali,Kolondiéba,jcb,2,false
898,Teddie,Raulston,traulstonox@msu.edu,Male,Poland,Jadowniki Mokre,visa-electron,1,false
899,Chickie,Hillborne,chillborneoy@latimes.com,Male,Indonesia,Penaraga,visa-electron,4,false
900,Babb,Sheerman,bsheermanoz@tumblr.com,Female,China,Laojunpo,diners-club-enroute,2,false
901,Aldus,Roff,aroffp0@earthlink.net,Male,Brazil,Nerópolis,jcb,2,false
902,Cairistiona,Cousin,ccousinp1@accuweather.com,Female,Poland,Działdowo,jcb,3,false
903,Evie,Glancy,eglancyp2@goo.ne.jp,Non-binary,Portugal,Portela,jcb,1,true
904,Daniela,Harmer,dharmerp3@mashable.com,Female,Brazil,Itajaí,diners-club-us-ca,2,true
905,Mattheus,Nield,mnieldp4@cmu.edu,Male,China,Bin’an,jcb,4,false
906,Fitz,Lesurf,flesurfp5@discovery.com,Male,Thailand,Chok Chai,diners-club-us-ca,5,true
907,Clem,Radeliffe,cradeliffep6@wordpress.com,Male,Philippines,Kapatagan,laser,5,false
908,Cart,Tinham,ctinhamp7@alexa.com,Female,Belarus,Smarhon’,switch,4,false
909,Webster,Carress,wcarressp8@cnn.com,Female,Indonesia,Bajera,jcb,2,true
910,Kenneth,Beevor,kbeevorp9@usa.gov,Female,Netherlands,Haarlem,jcb,4,true
911,Ardenia,Busain,abusainpa@ucsd.edu,Female,Russia,Satinka,jcb,3,true
912,Jeni,Fairburn,jfairburnpb@skype.com,Male,Thailand,Nam Khun,bankcard,1,true
913,Helenelizabeth,Ellingham,hellinghampc@newyorker.com,Female,China,Butahai,jcb,3,false
914,Maurine,Vannet,mvannetpd@amazon.de,Female,Netherlands,'s-Hertogenbosch,maestro,1,false
915,Bobbee,Kremer,bkremerpe@ifeng.com,Male,Sweden,Stockholm,jcb,5,true
916,Lyda,Sandwich,lsandwichpf@google.nl,Male,Russia,Yubileyny,jcb,5,true
917,Karna,Lacroix,klacroixpg@wp.com,Male,Philippines,San Fernando,china-unionpay,4,false
918,Kayla,Blankett,kblankettph@tamu.edu,Male,Botswana,Molepolole,visa,5,false
919,Janka,Sorrie,jsorriepi@google.nl,Male,Honduras,El Agua Dulcita,jcb,5,true
920,Estelle,Kleinholz,ekleinholzpj@e-recht24.de,Polygender,Azerbaijan,Nakhchivan,jcb,2,true
921,Letta,Whitwam,lwhitwampk@geocities.com,Polygender,Sweden,Uddevalla,instapayment,2,false
922,Ignaz,Pantlin,ipantlinpl@51.la,Male,Iran,Dorūd,americanexpress,4,true
923,Modesta,Dukesbury,mdukesburypm@springer.com,Female,China,Liangshan,jcb,3,false
924,Jeniffer,Tesche,jteschepn@epa.gov,Female,Sri Lanka,Polonnaruwa,mastercard,1,false
925,Armand,Andrieux,aandrieuxpo@cam.ac.uk,Female,Czech Republic,Kryry,jcb,1,true
926,Latisha,Klawi,lklawipp@pcworld.com,Male,Cameroon,Kumba,americanexpress,3,false
927,Liza,Archbould,larchbouldpq@google.com.br,Male,Portugal,Mucifal,bankcard,5,false
928,Christoph,Cherry Holme,ccherryholmepr@uol.com.br,Male,Poland,Sośnie,jcb,2,true
929,Alberta,Tollfree,atollfreeps@mtv.com,Female,Indonesia,Brengkok,laser,4,true
930,Tarrah,Cradey,tcradeypt@google.com.au,Male,China,Huaqiao,mastercard,2,true
931,Fax,Isacke,fisackepu@godaddy.com,Female,Uruguay,Las Toscas,diners-club-carte-blanche,4,true
932,Gilberto,Catteroll,gcatterollpv@businesswire.com,Male,Sweden,Stockholm,mastercard,4,true
933,Mari,Gounel,mgounelpw@nsw.gov.au,Male,China,Xiayang,jcb,3,false
934,Kim,Durnall,kdurnallpx@photobucket.com,Female,China,Wujingfu,jcb,5,false
935,Diego,Salliss,dsallisspy@163.com,Male,Russia,Ust’-Labinsk,diners-club-enroute,3,false
936,Valentina,Abrahmovici,vabrahmovicipz@upenn.edu,Female,Panama,Calzada Larga,jcb,5,true
937,Trudy,Terren,tterrenq0@mozilla.org,Male,Philippines,Pagsañgahan,jcb,1,true
938,Kata,Barbera,kbarberaq1@illinois.edu,Polygender,Peru,San Bernardino,mastercard,4,true
939,Delly,Donnel,ddonnelq2@blogs.com,Male,South Africa,Ixopo,diners-club-enroute,1,false
940,Tracie,Tattersall,ttattersallq3@ow.ly,Female,Indonesia,Gampang,jcb,1,true
941,Edik,Ritzman,eritzmanq4@seesaa.net,Male,China,Jinchang,americanexpress,1,false
942,Vida,O' Cuolahan,vocuolahanq5@paginegialle.it,Female,China,Nanjie,visa-electron,1,false
943,Tris,Dudney,tdudneyq6@angelfire.com,Bigender,Brazil,Santa Vitória do Palmar,jcb,2,true
944,Lisabeth,Shewery,lsheweryq7@prweb.com,Genderqueer,Portugal,Gouxaria,diners-club-us-ca,2,false
945,Alis,Daly,adalyq8@mediafire.com,Female,Mexico,Lazaro Cardenas,visa-electron,5,true
946,Kay,Kubasek,kkubasekq9@ezinearticles.com,Female,Russia,Turan,bankcard,4,true
947,Tucker,Banisch,tbanischqa@weibo.com,Genderfluid,Philippines,Cabugao,visa-electron,2,false
948,Camilla,Webermann,cwebermannqb@prlog.org,Male,Syria,Az Zabadānī,jcb,5,false
949,Jewelle,Akers,jakersqc@hexun.com,Genderqueer,United States,Charlotte,mastercard,2,false
950,Corrianne,MacQueen,cmacqueenqd@ibm.com,Male,Brazil,Sananduva,jcb,1,true
951,Hilly,Wilbud,hwilbudqe@senate.gov,Female,Serbia,Sremčica,maestro,2,true
952,Ilsa,Toretta,itorettaqf@ucoz.ru,Female,Myanmar,Monywa,jcb,4,true
953,Bearnard,Atwood,batwoodqg@photobucket.com,Male,Philippines,Alupay,maestro,3,true
954,Sherlock,Keyse,skeyseqh@earthlink.net,Female,Indonesia,Ngedhusuba,jcb,4,false
955,Denyse,Wiffield,dwiffieldqi@disqus.com,Male,Armenia,Drakhtik,switch,5,false
956,Gery,Slocom,gslocomqj@uiuc.edu,Female,Indonesia,Basa,diners-club-carte-blanche,1,false
957,Devora,Whickman,dwhickmanqk@instagram.com,Female,United States,Saginaw,switch,2,true
958,Alick,Messier,amessierql@house.gov,Male,Indonesia,Muting,jcb,5,false
959,Dannie,Hawton,dhawtonqm@bbb.org,Male,China,Chengjiao,mastercard,3,true
960,Terrye,McFetrich,tmcfetrichqn@wikispaces.com,Male,Peru,Lima,jcb,3,true
961,Pepillo,MacGruer,pmacgruerqo@latimes.com,Female,Sweden,Stockholm,visa-electron,2,false
962,Robb,Loblie,rloblieqp@ezinearticles.com,Male,China,Hongguang,americanexpress,1,false
963,Hailee,Ganforthe,hganfortheqq@webmd.com,Polygender,China,Fangbu,bankcard,2,true
964,Shawn,Plastow,splastowqr@pbs.org,Female,Armenia,Kapan,jcb,4,true
965,Paige,Mathou,pmathouqs@wufoo.com,Male,Central African Republic,Mbaïki,maestro,1,false
966,Albina,McGrill,amcgrillqt@yellowbook.com,Male,China,Yiyang,diners-club-carte-blanche,5,false
967,Janenna,Shuttle,jshuttlequ@xing.com,Female,Cameroon,Bali,mastercard,3,true
968,Debera,Winridge,dwinridgeqv@cbc.ca,Male,Djibouti,Ḏânan,diners-club-carte-blanche,4,true
969,Violetta,Losbie,vlosbieqw@usnews.com,Female,Brazil,Recife,jcb,1,false
970,Thorn,Lockitt,tlockittqx@comcast.net,Female,China,Huixing,visa,1,true
971,Chiarra,McRobert,cmcrobertqy@cnn.com,Male,China,Ningchegu,mastercard,1,false
972,Mikey,Barnfather,mbarnfatherqz@addthis.com,Female,China,Jindong,visa,4,false
973,Leonardo,Rangall,lrangallr0@marriott.com,Female,Sweden,Kristinehamn,mastercard,3,true
974,Marylinda,Levine,mleviner1@issuu.com,Male,Tanzania,Masuguru,jcb,5,false
975,Marigold,Echallier,mechallierr2@people.com.cn,Male,Indonesia,Cipinang,americanexpress,2,false
976,Emelen,O' Connell,eoconnellr3@bloglovin.com,Female,China,Luotuo,jcb,5,true
977,Dilan,Vallender,dvallenderr4@businessinsider.com,Female,Poland,Krzanowice,bankcard,4,false
978,Franni,Harler,fharlerr5@harvard.edu,Male,Poland,Klimontów,diners-club-carte-blanche,5,true
979,Brittaney,Poyle,bpoyler6@engadget.com,Female,China,Da’an,china-unionpay,1,false
980,Lita,Regnard,lregnardr7@unesco.org,Female,United States,Peoria,china-unionpay,5,true
981,Marrilee,Dutson,mdutsonr8@simplemachines.org,Female,Indonesia,Mangulewa,americanexpress,4,false
982,Nedda,Duddin,nduddinr9@aol.com,Male,Palestinian Territory,Bayt Sāḩūr,laser,2,false
983,Kenna,Hodge,khodgera@webs.com,Female,Croatia,Ozalj,americanexpress,4,true
984,Aaron,MacSharry,amacsharryrb@aboutads.info,Male,China,Lüyang,jcb,2,false
985,Gian,Braidon,gbraidonrc@comcast.net,Female,China,Fengxizhai,jcb,2,false
986,Merrile,Kmieciak,mkmieciakrd@pinterest.com,Female,Aland Islands,Föglö,americanexpress,1,true
987,Krista,Atthowe,katthowere@economist.com,Female,Russia,Dachnoye,diners-club-carte-blanche,3,true
988,Mair,Starling,mstarlingrf@qq.com,Female,Costa Rica,Esquipulas,china-unionpay,2,false
989,Whitman,Chazelas,wchazelasrg@stanford.edu,Female,Philippines,Bigaan,diners-club-international,3,true
990,Chanda,Cops,ccopsrh@miitbeian.gov.cn,Male,Colombia,La Victoria,jcb,1,true
991,Nicolea,Shord,nshordri@ocn.ne.jp,Male,United States,Charlotte,jcb,4,false
992,Guglielma,Baber,gbaberrj@businesswire.com,Male,Indonesia,Kumai,diners-club-carte-blanche,1,false
993,Thaxter,Prattin,tprattinrk@fema.gov,Female,Kazakhstan,Ridder,diners-club-us-ca,5,false
994,Hoebart,Waldrum,hwaldrumrl@go.com,Female,China,Xin’an,jcb,4,false
995,Mike,Toombes,mtoombesrm@biglobe.ne.jp,Male,Indonesia,Belung Satu,mastercard,2,false
996,Percy,Wickes,pwickesrn@parallels.com,Female,Indonesia,Lancar,diners-club-carte-blanche,1,false
997,Terrill,Galliard,tgalliardro@plala.or.jp,Female,Peru,La Unión,solo,1,true
998,Sidonia,Derry,sderryrp@usa.gov,Female,Indonesia,Krajanjugosari,visa,5,false
999,Maddie,Francesch,mfranceschrq@shinystat.com,Male,South Korea,Sangju,diners-club-enroute,2,false
1000,Mandel,Finneran,mfinneranrr@reference.com,Female,Croatia,Piškorevci,jcb,1,false
